timepoint,mean_asd,std_asd,mean_tdc,std_tdc,is_top_asd,is_top_tdc
0,4.828553e-06,2.948874e-07,4.8419024e-06,5.755498e-07,False,False
1,5.2916125e-06,5.1969516e-07,5.1748893e-06,4.7379933e-07,False,False
2,5.7654856e-06,1.4244226e-07,5.589204e-06,3.4016261e-07,False,False
3,6.6748385e-06,4.975325e-07,6.407698e-06,4.5603906e-07,False,False
4,6.9384246e-06,5.7576267e-07,6.6449893e-06,3.7852172e-07,False,False
5,6.886056e-06,8.9134323e-07,7.095977e-06,4.532777e-07,False,False
6,7.204305e-06,8.137618e-07,6.997423e-06,5.532228e-07,False,False
7,7.1456207e-06,5.014642e-07,6.9712382e-06,5.215603e-07,False,False
8,7.0779483e-06,4.339874e-07,6.977477e-06,7.921725e-07,False,False
9,7.297624e-06,4.487314e-07,7.147387e-06,5.6455593e-07,False,False
10,7.1422173e-06,1.1668967e-07,7.010057e-06,8.608486e-07,False,False
11,7.239465e-06,1.8507173e-07,6.615263e-06,5.880397e-07,False,False
12,7.4129675e-06,1.2930441e-07,6.5188824e-06,7.066201e-07,False,False
13,7.2833054e-06,5.600654e-07,6.9271164e-06,8.0068355e-07,False,False
14,7.5363632e-06,2.1812812e-07,6.8440495e-06,9.3820006e-07,True,False
15,7.070664e-06,1.2198745e-07,6.5233107e-06,6.5954055e-07,False,False
16,7.3158067e-06,6.600814e-07,7.06202e-06,1.1132065e-06,False,False
17,7.3018696e-06,3.8642395e-07,6.968353e-06,6.8458024e-07,False,False
18,7.237998e-06,4.2131248e-07,6.928933e-06,5.79516e-07,False,False
19,7.3468227e-06,2.7025496e-07,6.894171e-06,9.710474e-07,False,False
20,7.2419452e-06,7.805925e-07,6.79293e-06,8.69119e-07,False,False
21,7.475498e-06,3.1642796e-07,7.028375e-06,8.018488e-07,True,False
22,6.674409e-06,5.19743e-07,7.1591385e-06,7.2718416e-07,False,False
23,7.609441e-06,6.055684e-07,7.0798314e-06,7.92018e-07,True,False
24,7.2609096e-06,5.8522716e-07,6.853958e-06,6.9304355e-07,False,False
25,7.340549e-06,6.121208e-07,7.0596643e-06,6.508734e-07,False,False
26,7.3344054e-06,5.7724384e-07,7.27917e-06,8.8057146e-07,False,True
27,7.0951246e-06,3.5886254e-07,6.898391e-06,7.630267e-07,False,False
28,6.869714e-06,3.3836233e-07,6.8710624e-06,7.0137554e-07,False,False
29,7.3131514e-06,4.9887683e-07,6.7158157e-06,6.9971844e-07,False,False
30,7.3096044e-06,6.774342e-07,7.28278e-06,7.1780636e-07,False,True
31,7.227309e-06,2.3438922e-07,6.913837e-06,4.801424e-07,False,False
32,7.1952213e-06,3.538267e-07,7.049867e-06,6.1223966e-07,False,False
33,7.2823045e-06,2.8953266e-07,7.144623e-06,4.1963773e-07,False,False
34,7.2907014e-06,5.273713e-07,7.3400224e-06,7.6918496e-07,False,True
35,7.097589e-06,4.7181882e-07,6.822395e-06,9.460106e-07,False,False
36,7.311343e-06,6.180538e-07,7.026892e-06,7.056261e-07,False,False
37,7.453657e-06,4.4347848e-07,7.134503e-06,4.7524918e-07,True,False
38,7.5147955e-06,6.4887166e-07,6.7686606e-06,6.831655e-07,True,False
39,7.311505e-06,4.876298e-07,6.922909e-06,9.850603e-07,False,False
40,7.2892217e-06,2.3148395e-07,6.8602203e-06,6.8791917e-07,False,False
41,7.126233e-06,6.3226446e-07,7.1997433e-06,1.1314114e-06,False,False
42,7.3440415e-06,2.4468065e-07,6.9948524e-06,8.0198026e-07,False,False
43,7.325015e-06,7.001223e-07,6.6573825e-06,8.422237e-07,False,False
44,7.40813e-06,5.6159973e-07,6.7170595e-06,5.606526e-07,False,False
45,7.5156504e-06,4.5034182e-07,6.930327e-06,7.1465877e-07,True,False
46,7.323727e-06,7.2308023e-07,7.0255082e-06,4.0290678e-07,False,False
47,7.564461e-06,2.1473205e-07,6.944187e-06,7.231647e-07,True,False
48,7.23251e-06,5.747396e-07,7.508205e-06,7.0556086e-07,False,True
49,7.2786265e-06,5.615782e-07,7.301176e-06,6.4149265e-07,False,True
50,7.698239e-06,7.8825906e-07,7.2305434e-06,7.9117814e-07,True,True
51,7.593559e-06,6.130878e-07,7.122265e-06,5.68671e-07,True,False
52,7.2798043e-06,5.6027267e-07,7.375449e-06,5.9956926e-07,False,True
53,7.4127033e-06,6.3106467e-07,7.2236207e-06,9.848089e-07,False,True
54,7.6664055e-06,4.9690397e-07,6.822029e-06,9.4052416e-07,True,False
55,7.3520655e-06,5.218069e-07,7.1361146e-06,1.0816249e-06,False,False
56,7.224646e-06,4.1007803e-07,7.0380534e-06,8.5123247e-07,False,False
57,7.2177463e-06,6.622904e-07,7.1422364e-06,8.113627e-07,False,False
58,7.088153e-06,6.1313904e-07,7.2066555e-06,6.7673653e-07,False,True
59,7.243422e-06,4.564674e-07,6.9449206e-06,7.5862386e-07,False,False
60,6.89733e-06,3.5531036e-07,7.2326975e-06,6.7020636e-07,False,True
61,7.462517e-06,4.4320012e-07,7.0003334e-06,6.227433e-07,True,False
62,7.408083e-06,4.6374362e-07,7.1294126e-06,5.8665626e-07,False,False
63,7.798493e-06,3.5151388e-07,6.993505e-06,5.614868e-07,True,False
64,7.567955e-06,1.1391458e-06,7.0058077e-06,6.0220316e-07,True,False
65,7.2314265e-06,9.060798e-07,7.403044e-06,6.8648893e-07,False,True
66,7.63077e-06,3.2577853e-07,7.3556644e-06,8.31714e-07,True,True
67,7.5916278e-06,7.556079e-07,6.969926e-06,7.5407473e-07,True,False
68,7.4386044e-06,7.7037373e-07,7.144418e-06,6.658437e-07,True,False
69,7.1937407e-06,6.734993e-07,7.52544e-06,8.1707935e-07,False,True
70,7.3819842e-06,4.896738e-07,7.0324713e-06,7.3437303e-07,False,False
71,7.1081786e-06,3.5331178e-07,7.4001464e-06,7.83309e-07,False,True
72,7.071526e-06,3.5846386e-07,7.208472e-06,7.9338986e-07,False,True
73,7.2422226e-06,3.3313324e-07,7.124444e-06,8.9469785e-07,False,False
74,7.373916e-06,2.7414856e-07,7.0104456e-06,7.5296157e-07,False,False
75,7.52185e-06,4.2906487e-07,7.1661066e-06,5.207793e-07,True,False
76,7.2471876e-06,5.070975e-07,7.0137125e-06,8.635784e-07,False,False
77,7.19971e-06,4.189557e-07,7.2195353e-06,8.698091e-07,False,True
78,7.761038e-06,6.833512e-07,6.977788e-06,7.608614e-07,True,False
79,7.220055e-06,3.0283687e-07,7.2442526e-06,9.613764e-07,False,True
80,7.559311e-06,4.063634e-07,7.360601e-06,7.065448e-07,True,True
81,7.3601695e-06,2.1189523e-07,7.4433383e-06,6.27852e-07,False,True
82,6.997743e-06,7.963902e-07,7.154081e-06,1.0014066e-06,False,False
83,7.0830174e-06,6.0853324e-07,7.1107097e-06,7.252829e-07,False,False
84,7.3780566e-06,4.2715246e-07,6.9428484e-06,8.1093003e-07,False,False
85,7.2448674e-06,6.634027e-07,7.176261e-06,5.9606043e-07,False,False
86,7.2993266e-06,3.9793562e-07,6.5914114e-06,4.5536666e-07,False,False
87,7.4971977e-06,3.9478437e-07,7.0758915e-06,1.0341961e-06,True,False
88,6.972722e-06,4.5396948e-07,7.142686e-06,9.618418e-07,False,False
89,7.39661e-06,3.0537475e-07,6.902623e-06,7.817014e-07,False,False
90,7.66825e-06,3.4854077e-07,7.1289433e-06,9.558173e-07,True,False
91,7.024413e-06,5.28416e-07,7.0349643e-06,7.02899e-07,False,False
92,7.321281e-06,7.7432406e-07,6.680077e-06,1.0419021e-06,False,False
93,6.9646676e-06,3.059891e-07,7.0347523e-06,9.608475e-07,False,False
94,7.660997e-06,3.8410903e-07,7.0727765e-06,7.962844e-07,True,False
95,6.856043e-06,4.843712e-07,7.005623e-06,7.606187e-07,False,False
96,7.1637405e-06,7.875744e-07,6.9083057e-06,6.667424e-07,False,False
97,6.994954e-06,6.167769e-07,7.232462e-06,9.969832e-07,False,True
98,7.400882e-06,4.3591578e-07,7.033007e-06,7.654254e-07,False,False
99,7.5704074e-06,5.6642904e-07,6.793221e-06,7.087327e-07,True,False
100,6.963589e-06,3.8919373e-07,7.28302e-06,1.0821029e-06,False,True
101,7.3505753e-06,4.8269993e-07,7.048634e-06,8.948528e-07,False,False
102,7.437371e-06,5.174166e-07,7.0679584e-06,6.3098145e-07,True,False
103,7.270735e-06,3.2300863e-07,6.7940264e-06,6.659788e-07,False,False
104,7.138004e-06,4.381448e-07,6.7464107e-06,5.9605026e-07,False,False
105,7.2948365e-06,2.8532673e-07,7.053145e-06,6.625783e-07,False,False
106,7.199584e-06,5.4543887e-07,7.0348115e-06,4.7499853e-07,False,False
107,6.9818466e-06,3.4674966e-07,6.8161658e-06,7.320387e-07,False,False
108,7.2506446e-06,6.5009397e-07,6.735404e-06,9.4361036e-07,False,False
109,7.1420654e-06,3.8837638e-07,6.673101e-06,7.4687813e-07,False,False
110,7.0203687e-06,5.0937285e-07,7.0482724e-06,8.603728e-07,False,False
111,7.5309026e-06,5.465931e-07,7.2124835e-06,1.1360804e-06,True,True
112,7.1618038e-06,1.5317174e-07,6.6564257e-06,7.6922805e-07,False,False
113,7.1551285e-06,5.0460864e-07,7.151425e-06,8.7817983e-07,False,False
114,7.1085697e-06,5.533992e-07,7.197877e-06,8.369465e-07,False,False
115,7.172316e-06,3.0552744e-07,6.978e-06,9.505927e-07,False,False
116,7.144714e-06,2.1567737e-07,7.0388364e-06,9.2985476e-07,False,False
117,7.3844762e-06,4.657549e-07,7.0889682e-06,7.9857756e-07,False,False
118,7.0235265e-06,1.274855e-07,7.095289e-06,5.767556e-07,False,False
119,6.9583775e-06,5.330369e-07,6.8006834e-06,8.148057e-07,False,False
120,7.649147e-06,3.7701554e-07,6.870495e-06,5.327809e-07,True,False
121,7.234372e-06,1.6084283e-07,7.4001846e-06,1.0548208e-06,False,True
122,6.964452e-06,6.752457e-07,6.990078e-06,9.260318e-07,False,False
123,6.909629e-06,7.0834034e-07,6.853622e-06,8.7645594e-07,False,False
124,7.233394e-06,6.6629576e-07,7.0073897e-06,6.70087e-07,False,False
125,7.173352e-06,3.7693016e-07,6.849417e-06,7.823114e-07,False,False
126,6.99042e-06,6.4906806e-07,7.1430186e-06,6.6102984e-07,False,False
127,7.261179e-06,2.7471646e-07,6.91076e-06,1.0392785e-06,False,False
128,7.317462e-06,4.982736e-07,7.0733686e-06,9.198319e-07,False,False
129,7.124376e-06,6.2528557e-07,7.1248587e-06,1.0788509e-06,False,False
130,7.2036687e-06,4.7333418e-07,6.7196816e-06,7.1912973e-07,False,False
131,7.2912744e-06,3.3204077e-07,6.9713396e-06,5.481225e-07,False,False
132,7.26159e-06,3.2712484e-07,7.119441e-06,7.3363753e-07,False,False
133,7.2887765e-06,3.2517033e-07,7.27597e-06,1.0074923e-06,False,True
134,7.4683967e-06,3.743204e-07,7.0805754e-06,1.1413517e-06,True,False
135,7.3054443e-06,8.677806e-07,6.9881366e-06,8.4526016e-07,False,False
136,7.3604324e-06,4.3957363e-07,7.294087e-06,1.0993947e-06,False,True
137,7.484147e-06,3.5212162e-07,7.0737333e-06,1.2011051e-06,True,False
138,7.3016536e-06,4.6548757e-07,6.73974e-06,1.2640996e-06,False,False
139,7.0370284e-06,4.134729e-07,7.0241585e-06,7.84653e-07,False,False
140,7.0096658e-06,4.821194e-07,7.1351706e-06,7.159408e-07,False,False
141,7.550675e-06,2.3089096e-07,7.029526e-06,1.2914555e-06,True,False
142,7.4452464e-06,2.9706274e-07,7.3318724e-06,9.3714755e-07,True,True
143,7.4895142e-06,2.2419272e-07,6.845216e-06,1.0444595e-06,True,False
144,7.459616e-06,5.702201e-07,7.0382093e-06,8.9938135e-07,True,False
145,7.0866163e-06,4.962853e-07,7.3292167e-06,1.029239e-06,False,True
146,7.416227e-06,3.3912454e-07,6.844902e-06,7.585323e-07,False,False
147,7.295121e-06,4.6661535e-07,6.768926e-06,7.9581844e-07,False,False
148,7.450736e-06,6.1446235e-07,6.8141767e-06,1.0180696e-06,True,False
149,7.268759e-06,4.1822443e-07,6.940917e-06,7.1543957e-07,False,False
150,7.105105e-06,4.0328052e-07,6.965308e-06,7.9122634e-07,False,False
151,7.345453e-06,5.5863836e-07,7.0143237e-06,6.9773193e-07,False,False
152,7.1677687e-06,5.684201e-07,7.200984e-06,8.5440894e-07,False,False
153,7.5847674e-06,5.2062234e-07,7.017866e-06,9.561506e-07,True,False
154,7.2443827e-06,4.128299e-07,6.942157e-06,7.472509e-07,False,False
155,7.5732023e-06,3.999309e-07,6.9448665e-06,8.567696e-07,True,False
156,7.010999e-06,3.0780427e-07,7.3520546e-06,9.431639e-07,False,True
157,7.182551e-06,7.425051e-07,7.2426074e-06,1.0551367e-06,False,True
158,6.9571774e-06,5.435296e-07,7.043846e-06,6.7674614e-07,False,False
159,7.2166804e-06,4.4358057e-07,7.1429085e-06,9.55222e-07,False,False
160,6.8392897e-06,3.870472e-07,7.1709146e-06,6.269301e-07,False,False
161,7.2109387e-06,4.9821017e-07,7.185167e-06,9.016159e-07,False,False
162,7.173622e-06,6.087864e-07,7.3443503e-06,6.7032477e-07,False,True
163,7.3612705e-06,5.781228e-07,7.0209926e-06,1.1663473e-06,False,False
164,7.37777e-06,3.4499814e-07,7.127778e-06,1.2048188e-06,False,False
165,7.2245734e-06,1.2546161e-07,6.9934213e-06,8.9557705e-07,False,False
166,7.1550626e-06,2.6685098e-07,7.1640898e-06,7.1188646e-07,False,False
167,7.1029253e-06,2.9614486e-07,6.9722664e-06,9.449966e-07,False,False
168,7.290586e-06,3.052616e-07,7.397203e-06,8.663937e-07,False,True
169,7.158863e-06,2.930444e-07,7.1751906e-06,6.9840735e-07,False,False
170,7.4619975e-06,1.7279221e-07,7.454951e-06,7.1100106e-07,True,True
171,7.700693e-06,4.804242e-07,7.2837684e-06,5.049287e-07,True,True
172,7.542999e-06,3.431554e-07,7.2770954e-06,4.5993048e-07,True,True
173,7.412547e-06,4.490628e-07,7.2231196e-06,9.09192e-07,False,True
174,7.3748693e-06,5.152988e-07,7.3425085e-06,6.0390727e-07,False,True
175,7.1455042e-06,3.5990374e-07,6.890288e-06,9.485625e-07,False,False
176,7.3266156e-06,6.4013614e-07,7.0790848e-06,8.537361e-07,False,False
177,7.5455455e-06,7.196596e-07,7.114743e-06,8.9523377e-07,True,False
178,7.07875e-06,4.147579e-07,7.10878e-06,9.3394357e-07,False,False
179,7.242499e-06,4.8672337e-07,6.8716326e-06,1.0510371e-06,False,False
180,7.2935354e-06,4.013427e-07,7.0937035e-06,1.0645532e-06,False,False
181,7.1765126e-06,6.9681175e-07,7.042267e-06,6.259663e-07,False,False
182,7.295183e-06,3.2579968e-07,6.9279267e-06,8.549822e-07,False,False
183,7.319245e-06,5.831124e-07,6.918877e-06,8.678956e-07,False,False
184,7.2203284e-06,3.4938637e-07,6.8649315e-06,8.219939e-07,False,False
185,7.0834417e-06,3.8544263e-07,7.292137e-06,4.3882306e-07,False,True
186,7.0588926e-06,4.5066128e-07,6.861342e-06,8.494394e-07,False,False
187,7.2677153e-06,6.625762e-07,6.986251e-06,8.30405e-07,False,False
188,7.478461e-06,2.7033386e-07,6.836418e-06,7.744264e-07,True,False
189,7.0754236e-06,4.103692e-07,6.856357e-06,5.916363e-07,False,False
190,7.477068e-06,2.7198917e-07,7.076453e-06,9.585201e-07,True,False
191,7.355649e-06,3.5119442e-07,6.899799e-06,7.726869e-07,False,False
192,7.09458e-06,2.157314e-07,7.193799e-06,6.4528916e-07,False,False
193,7.337968e-06,1.8347264e-07,6.9019998e-06,7.0952916e-07,False,False
194,7.222675e-06,4.810128e-07,7.2123157e-06,7.9545396e-07,False,True
195,7.1764384e-06,6.548912e-07,6.9450725e-06,8.1050626e-07,False,False
196,7.341092e-06,7.276642e-07,7.0516226e-06,9.43176e-07,False,False
197,7.293556e-06,5.25462e-07,7.0194183e-06,7.2979986e-07,False,False
198,7.3025353e-06,5.037646e-07,6.8474887e-06,9.0215883e-07,False,False
199,7.682991e-06,5.8399775e-07,7.1147115e-06,1.0357446e-06,True,False
200,7.2704543e-06,3.2300673e-07,6.9743473e-06,6.435774e-07,False,False
201,7.824768e-06,6.9369867e-07,7.2003168e-06,6.052684e-07,True,False
202,7.677625e-06,5.011328e-07,7.0469796e-06,5.7364025e-07,True,False
203,7.350536e-06,3.9613712e-07,7.543066e-06,6.78056e-07,False,True
204,7.612484e-06,6.5164465e-07,7.403428e-06,9.0177485e-07,True,True
205,7.75715e-06,3.8163472e-07,7.220334e-06,6.562293e-07,True,True
206,7.146117e-06,6.526908e-07,7.1478667e-06,5.072349e-07,False,False
207,7.5625094e-06,4.880236e-07,7.123167e-06,6.8212773e-07,True,False
208,7.217367e-06,5.4303507e-07,7.1831832e-06,5.438295e-07,False,False
209,7.584599e-06,3.405243e-07,7.082662e-06,9.1116686e-07,True,False
210,7.13079e-06,3.7187556e-07,7.175671e-06,8.071269e-07,False,False
211,7.448108e-06,5.2583556e-07,6.864655e-06,9.894725e-07,True,False
212,7.5171024e-06,3.3334723e-07,6.690748e-06,7.1663953e-07,True,False
213,6.8620843e-06,5.66716e-07,6.7693472e-06,4.7016073e-07,False,False
214,6.996207e-06,6.078063e-07,7.079909e-06,7.4889664e-07,False,False
215,7.1472336e-06,3.4044112e-07,6.9289695e-06,8.153648e-07,False,False
216,7.349594e-06,5.416578e-07,6.8357854e-06,7.866486e-07,False,False
217,7.328998e-06,6.651332e-07,6.5842223e-06,6.056528e-07,False,False
218,7.1882882e-06,3.9902255e-07,6.74737e-06,7.079943e-07,False,False
219,7.1703607e-06,6.5377856e-07,6.756791e-06,5.74795e-07,False,False
220,7.4565446e-06,2.3543735e-07,6.9876464e-06,6.800028e-07,True,False
221,7.2650532e-06,7.123395e-07,7.0603646e-06,7.492475e-07,False,False
222,7.084172e-06,5.0265e-07,6.861929e-06,4.915746e-07,False,False
223,7.279429e-06,3.3099352e-07,6.64397e-06,8.9831707e-07,False,False
224,7.169377e-06,3.3927137e-07,7.2620487e-06,8.519043e-07,False,True
225,6.942315e-06,2.8258106e-07,7.328212e-06,8.324723e-07,False,True
226,7.3423894e-06,5.1177835e-07,7.3507967e-06,7.469067e-07,False,True
227,7.2439734e-06,6.892025e-08,6.920395e-06,4.956666e-07,False,False
228,7.0672118e-06,4.171689e-07,7.0234287e-06,8.6154193e-07,False,False
229,6.75033e-06,7.4516146e-07,6.995265e-06,7.970987e-07,False,False
230,7.1581717e-06,2.802034e-07,6.9503703e-06,9.558928e-07,False,False
231,7.0711744e-06,3.785934e-07,7.0813453e-06,8.5034475e-07,False,False
232,7.0584006e-06,2.8588525e-07,6.708165e-06,7.88864e-07,False,False
233,7.3479046e-06,4.979122e-07,7.045368e-06,7.4859713e-07,False,False
234,7.2402268e-06,4.5199283e-07,6.740954e-06,8.973602e-07,False,False
235,7.3349247e-06,2.8222783e-07,6.6567145e-06,6.421656e-07,False,False
236,7.524513e-06,4.0675877e-07,7.073127e-06,9.590204e-07,True,False
237,7.208626e-06,2.7365564e-07,6.928037e-06,5.997073e-07,False,False
238,7.3877404e-06,5.6984607e-07,7.036091e-06,7.9783274e-07,False,False
239,7.486166e-06,4.6627366e-07,6.773269e-06,8.8489514e-07,True,False
240,7.229307e-06,3.1735829e-07,7.1826153e-06,1.3301155e-06,False,False
241,7.2647513e-06,5.347342e-07,6.9815956e-06,8.811528e-07,False,False
242,7.154327e-06,5.528381e-07,6.8561044e-06,7.32051e-07,False,False
243,7.227889e-06,2.2816042e-07,6.817507e-06,6.2230123e-07,False,False
244,7.032845e-06,5.6024675e-07,7.015586e-06,7.5915835e-07,False,False
245,7.071748e-06,4.5166988e-07,7.0041883e-06,7.510007e-07,False,False
246,7.234185e-06,4.8410647e-07,6.83055e-06,5.484107e-07,False,False
247,7.107854e-06,4.874721e-07,7.0880865e-06,7.383078e-07,False,False
248,7.2997914e-06,2.5745754e-07,7.1673217e-06,5.146343e-07,False,False
249,7.136978e-06,2.5580522e-07,7.3721485e-06,8.081726e-07,False,True
250,7.1364e-06,3.9507532e-07,7.0058327e-06,7.6026595e-07,False,False
251,6.9027215e-06,3.2134133e-07,6.817597e-06,8.615435e-07,False,False
252,7.3369497e-06,5.108846e-07,6.624402e-06,8.1220196e-07,False,False
253,7.325126e-06,2.6695062e-07,6.9730413e-06,7.106267e-07,False,False
254,7.1253744e-06,4.680274e-07,7.244677e-06,7.749925e-07,False,True
255,7.4177237e-06,3.2274562e-07,6.721647e-06,1.0800716e-06,False,False
256,7.1647105e-06,4.801057e-07,6.907336e-06,1.1461505e-06,False,False
257,7.004761e-06,6.2958514e-07,7.1645095e-06,7.0753134e-07,False,False
258,7.1576674e-06,4.6962458e-07,7.0721035e-06,6.823593e-07,False,False
259,7.1893205e-06,3.2502868e-07,6.9154185e-06,8.080528e-07,False,False
260,7.30307e-06,3.5894908e-07,7.065931e-06,6.122112e-07,False,False
261,6.808192e-06,2.7657703e-07,6.740178e-06,6.899901e-07,False,False
262,7.110727e-06,4.1387858e-07,7.092213e-06,6.0383763e-07,False,False
263,7.280151e-06,3.2093402e-07,6.922387e-06,9.620536e-07,False,False
264,7.2037387e-06,3.4231817e-07,7.0049937e-06,5.6726714e-07,False,False
265,7.183461e-06,3.541922e-07,6.700956e-06,4.3461745e-07,False,False
266,7.205645e-06,4.5338382e-07,7.262655e-06,9.73172e-07,False,True
267,6.710551e-06,3.3491241e-07,6.821318e-06,6.58138e-07,False,False
268,7.415399e-06,3.9967537e-07,6.9815483e-06,6.554422e-07,False,False
269,7.321968e-06,4.1386932e-07,6.9315183e-06,7.5754224e-07,False,False
270,7.010941e-06,4.0934592e-07,7.4580043e-06,9.277032e-07,False,True
271,7.319663e-06,5.289555e-07,7.196873e-06,5.5942024e-07,False,False
272,7.0992764e-06,4.6119536e-07,6.7496176e-06,7.9630206e-07,False,False
273,7.133001e-06,3.1772416e-07,6.9210996e-06,7.694226e-07,False,False
274,7.222619e-06,7.197576e-07,7.276473e-06,7.205551e-07,False,True
275,7.454718e-06,3.0233417e-07,7.12185e-06,6.7214427e-07,True,False
276,7.4254835e-06,5.5172967e-07,7.2596727e-06,6.3791396e-07,False,True
277,7.1490454e-06,2.0278179e-07,6.994246e-06,8.348147e-07,False,False
278,7.366478e-06,6.3918264e-07,6.846452e-06,8.8738875e-07,False,False
279,7.2989546e-06,4.7521337e-07,6.748539e-06,6.744689e-07,False,False
280,7.5706494e-06,8.354504e-07,7.1522204e-06,6.741382e-07,True,False
281,6.799293e-06,5.833757e-07,6.983374e-06,6.643615e-07,False,False
282,7.233005e-06,3.029342e-07,6.805631e-06,8.949304e-07,False,False
283,7.1595923e-06,3.575594e-07,6.886856e-06,2.6727108e-07,False,False
284,7.4854515e-06,2.813215e-07,6.878619e-06,6.7374776e-07,True,False
285,7.182601e-06,6.733306e-07,7.2243943e-06,6.713558e-07,False,True
286,7.136495e-06,8.2940556e-07,6.8291724e-06,8.320698e-07,False,False
287,7.323163e-06,3.9835973e-07,6.7507185e-06,8.2491795e-07,False,False
288,7.0737706e-06,3.4845445e-07,6.6219086e-06,9.246817e-07,False,False
289,7.4587783e-06,3.307136e-07,7.19292e-06,8.283776e-07,True,False
290,7.1084564e-06,4.5606245e-07,6.6086477e-06,9.407092e-07,False,False
291,7.185645e-06,3.9795583e-07,6.8485506e-06,7.116465e-07,False,False
292,7.3826536e-06,4.769187e-07,6.8854692e-06,7.125429e-07,False,False
293,6.8830545e-06,3.582407e-07,7.223379e-06,9.4393755e-07,False,True
294,7.1572986e-06,1.853488e-07,7.142569e-06,1.0419667e-06,False,False
295,7.262463e-06,4.9131154e-07,6.972559e-06,5.7675356e-07,False,False
296,6.976102e-06,3.3709782e-07,7.312078e-06,6.742227e-07,False,True
297,7.4416275e-06,5.190302e-07,6.9691596e-06,7.6171443e-07,True,False
298,7.4281706e-06,5.67041e-07,6.9285e-06,9.301299e-07,True,False
299,7.4938966e-06,5.024096e-07,7.326412e-06,8.6077495e-07,True,True
300,7.0257433e-06,5.816366e-07,7.66452e-06,8.541253e-07,False,True
301,7.1352283e-06,5.7969595e-07,7.0851775e-06,1.0904384e-06,False,False
302,7.3339443e-06,4.6373864e-07,7.2378853e-06,6.847899e-07,False,True
303,7.1672066e-06,3.6102642e-07,7.1880086e-06,5.6392275e-07,False,False
304,7.4909685e-06,6.824549e-07,6.9228126e-06,7.025595e-07,True,False
305,7.2729367e-06,8.545678e-07,7.5355283e-06,1.0219411e-06,False,True
306,7.5376724e-06,7.052786e-07,7.00746e-06,9.4861656e-07,True,False
307,6.9067582e-06,5.031374e-07,6.971073e-06,6.8219913e-07,False,False
308,7.3606075e-06,6.2426216e-07,7.0719643e-06,9.640415e-07,False,False
309,7.2827183e-06,3.7811142e-07,7.1039567e-06,8.9893837e-07,False,False
310,7.2450284e-06,2.357302e-07,6.8434006e-06,8.763371e-07,False,False
311,7.2806715e-06,3.7089742e-07,7.284101e-06,7.357689e-07,False,True
312,7.405506e-06,4.7109432e-07,7.151409e-06,7.5568954e-07,False,False
313,7.2365992e-06,8.879987e-07,7.1356217e-06,9.216929e-07,False,False
314,7.198397e-06,4.4530205e-07,6.9590014e-06,9.0807924e-07,False,False
315,7.031592e-06,3.7089026e-07,6.880569e-06,1.0350099e-06,False,False
316,7.3138704e-06,6.983201e-07,6.8452027e-06,1.1185408e-06,False,False
317,6.9435273e-06,1.9482033e-07,7.2087723e-06,9.723789e-07,False,True
318,7.117416e-06,4.5745935e-07,6.893793e-06,9.424396e-07,False,False
319,7.5505095e-06,4.4831e-07,6.896579e-06,9.2344783e-07,True,False
320,7.102455e-06,6.5961564e-07,7.138554e-06,7.2433215e-07,False,False
321,7.271029e-06,2.0347036e-07,7.193863e-06,9.949965e-07,False,False
322,7.204771e-06,4.2597247e-07,6.88613e-06,5.9096266e-07,False,False
323,7.1713803e-06,2.5583773e-07,6.7011433e-06,7.0872704e-07,False,False
324,7.2452544e-06,6.577153e-07,6.93403e-06,8.2429744e-07,False,False
325,7.594842e-06,4.2333988e-07,7.0442547e-06,7.044944e-07,True,False
326,7.558882e-06,2.9834857e-07,6.9011257e-06,1.0032521e-06,True,False
327,7.575322e-06,6.431708e-07,7.053825e-06,8.4943554e-07,True,False
328,7.248843e-06,2.4930736e-07,6.664406e-06,7.196481e-07,False,False
329,7.099826e-06,4.628625e-07,7.2032535e-06,9.743338e-07,False,False
330,7.0262226e-06,2.63071e-07,6.7577625e-06,7.379854e-07,False,False
331,7.0749184e-06,4.6032662e-07,6.737071e-06,9.269378e-07,False,False
332,7.162321e-06,9.0016584e-07,7.1819995e-06,9.010604e-07,False,False
333,7.0594133e-06,3.504548e-07,6.7335886e-06,8.450867e-07,False,False
334,7.3033852e-06,6.338076e-07,6.963653e-06,9.439357e-07,False,False
335,7.2772355e-06,4.5500158e-07,6.7664673e-06,7.853311e-07,False,False
336,7.3901733e-06,3.3043014e-07,6.9901557e-06,9.548953e-07,False,False
337,7.1618842e-06,4.5461823e-07,6.772235e-06,8.0964645e-07,False,False
338,7.373487e-06,2.8910952e-07,6.858723e-06,5.8033584e-07,False,False
339,7.805099e-06,6.740734e-07,7.1545232e-06,8.668683e-07,True,False
340,7.0409833e-06,5.638821e-07,7.2502794e-06,9.87839e-07,False,True
341,7.244283e-06,5.430238e-07,7.0903743e-06,9.515701e-07,False,False
342,7.589328e-06,3.9844912e-07,6.781034e-06,9.823679e-07,True,False
343,7.1306085e-06,7.8402417e-07,7.2032126e-06,1.1239698e-06,False,False
344,7.143078e-06,6.9755583e-07,7.2270586e-06,1.0271467e-06,False,True
345,7.082004e-06,5.00055e-07,7.131103e-06,9.3909233e-07,False,False
346,6.7519272e-06,5.8964633e-07,7.2080593e-06,1.0370343e-06,False,True
347,6.994451e-06,5.951218e-07,6.9647344e-06,1.2947113e-06,False,False
348,7.138218e-06,3.7936988e-07,7.0968104e-06,1.2028921e-06,False,False
349,7.148347e-06,3.2062025e-07,7.034762e-06,4.4486856e-07,False,False
350,7.276684e-06,8.0210947e-07,7.017071e-06,7.842941e-07,False,False
351,7.0756896e-06,5.5891456e-07,7.19778e-06,8.055983e-07,False,False
352,6.828657e-06,4.97075e-07,6.9595167e-06,5.258196e-07,False,False
353,6.9922817e-06,8.521378e-07,6.7937485e-06,7.7179385e-07,False,False
354,7.0907263e-06,8.9363795e-07,7.067596e-06,7.928172e-07,False,False
355,6.963487e-06,6.675967e-07,6.8262934e-06,6.282099e-07,False,False
356,6.6791063e-06,5.653437e-07,7.382615e-06,1.211439e-06,False,True
357,7.1200534e-06,4.4716748e-07,7.167278e-06,9.327252e-07,False,False
358,7.1261557e-06,3.435959e-07,6.796311e-06,8.4695057e-07,False,False
359,7.2776083e-06,5.249417e-07,6.831366e-06,1.0637075e-06,False,False
360,7.1979093e-06,6.59342e-07,7.1142117e-06,1.0742096e-06,False,False
361,7.2822704e-06,4.1575413e-07,6.9481075e-06,8.374082e-07,False,False
362,7.675404e-06,6.0572415e-07,6.982262e-06,8.3120466e-07,True,False
363,7.5668167e-06,3.8544349e-07,6.868241e-06,9.866048e-07,True,False
364,7.3726587e-06,3.6518844e-07,7.3628858e-06,5.8767387e-07,False,True
365,7.4186855e-06,3.7361934e-07,7.289441e-06,8.2511195e-07,False,True
366,7.2166376e-06,4.5376385e-07,6.8404506e-06,7.472093e-07,False,False
367,7.770613e-06,6.2572e-07,7.0831156e-06,6.786208e-07,True,False
368,7.238102e-06,6.5872587e-07,6.644072e-06,8.1634965e-07,False,False
369,7.3313445e-06,5.694537e-07,6.984329e-06,7.3939935e-07,False,False
370,7.191007e-06,5.041523e-07,6.6808343e-06,5.966261e-07,False,False
371,7.4347663e-06,6.884133e-07,7.2442263e-06,6.8202314e-07,True,True
372,7.0026013e-06,7.9860644e-07,7.1106165e-06,5.7266453e-07,False,False
373,7.035971e-06,4.8718914e-07,6.8460513e-06,3.2528413e-07,False,False
374,7.2688854e-06,5.5424107e-07,6.9024245e-06,6.979556e-07,False,False
375,7.3050746e-06,8.1567015e-07,6.831735e-06,5.9379977e-07,False,False
376,7.1171876e-06,5.8035516e-07,7.0572924e-06,8.643453e-07,False,False
377,7.0778456e-06,5.5693306e-07,6.659692e-06,8.1279904e-07,False,False
378,7.725757e-06,5.8703506e-07,6.5843233e-06,8.3810215e-07,True,False
379,7.109723e-06,8.914714e-07,6.8402514e-06,8.822279e-07,False,False
380,7.3110846e-06,6.8852626e-07,7.268548e-06,4.63268e-07,False,True
381,7.1802997e-06,5.868515e-07,7.132129e-06,8.0416015e-07,False,False
382,7.2702496e-06,5.6955304e-07,7.2832495e-06,5.531627e-07,False,True
383,7.52068e-06,7.8262394e-07,7.078962e-06,6.330024e-07,True,False
384,7.470974e-06,4.432409e-07,7.1597797e-06,6.735567e-07,True,False
385,7.456053e-06,5.9206866e-07,7.1432733e-06,6.945749e-07,True,False
386,7.244728e-06,4.5288814e-07,7.4046466e-06,7.390919e-07,False,True
387,6.944879e-06,5.5299057e-07,7.147187e-06,6.8012554e-07,False,False
388,7.0085525e-06,6.638212e-07,7.3350093e-06,5.650592e-07,False,True
389,7.0854267e-06,6.281575e-07,7.0428932e-06,5.915394e-07,False,False
390,7.1913137e-06,7.227459e-07,7.3886376e-06,8.262746e-07,False,True
391,7.444493e-06,1.988984e-07,7.0512738e-06,7.582453e-07,True,False
392,7.309135e-06,2.3151614e-07,7.176727e-06,8.413742e-07,False,False
393,7.2616044e-06,2.695872e-07,7.315968e-06,6.876391e-07,False,True
394,6.9082525e-06,4.1684183e-07,7.192562e-06,8.798489e-07,False,False
395,7.4434574e-06,3.5628813e-07,6.9880684e-06,4.9176737e-07,True,False
396,7.0697597e-06,1.9690115e-07,7.026688e-06,8.7899355e-07,False,False
397,7.3537244e-06,5.2115433e-07,7.2359094e-06,1.0640872e-06,False,True
398,6.9245043e-06,1.3549763e-07,6.9939438e-06,9.650178e-07,False,False
399,7.448734e-06,9.50121e-07,7.3815727e-06,1.01619e-06,True,True
400,7.3255933e-06,3.9988177e-07,6.9528833e-06,5.4623433e-07,False,False
401,7.0259507e-06,5.6802315e-07,7.0677465e-06,2.998264e-07,False,False
402,7.138026e-06,5.292289e-07,7.114443e-06,8.818187e-07,False,False
403,7.2297307e-06,8.167969e-07,6.989393e-06,5.5048827e-07,False,False
404,6.995844e-06,5.9444693e-07,7.1862873e-06,6.7655947e-07,False,False
405,7.350637e-06,8.631246e-07,6.8908803e-06,5.9787413e-07,False,False
406,7.237729e-06,8.3280713e-07,7.030285e-06,5.738721e-07,False,False
407,7.192847e-06,3.6511253e-07,7.2571493e-06,8.674831e-07,False,True
408,6.8305826e-06,6.83343e-07,7.4074924e-06,7.722008e-07,False,True
409,7.1131044e-06,2.4174082e-07,7.241074e-06,7.217588e-07,False,True
410,7.0674564e-06,7.2191324e-07,7.325467e-06,8.0700215e-07,False,True
411,7.424981e-06,1.1422279e-06,7.004478e-06,7.211114e-07,False,False
412,7.43845e-06,4.6481819e-07,7.166616e-06,6.086499e-07,True,False
413,7.411676e-06,8.6020725e-07,7.034495e-06,5.9321707e-07,False,False
414,6.7564033e-06,1.6759509e-07,7.31045e-06,1.0630621e-06,False,True
415,7.3844167e-06,4.599893e-07,7.330932e-06,9.696658e-07,False,True
416,7.1000177e-06,5.7035487e-07,7.03732e-06,4.6869354e-07,False,False
417,7.075919e-06,4.4577874e-07,6.9773428e-06,8.148873e-07,False,False
418,7.352691e-06,3.8049475e-07,6.9737566e-06,3.8344336e-07,False,False
419,7.1022705e-06,3.202495e-07,7.0808064e-06,6.6581885e-07,False,False
420,7.119823e-06,3.8523152e-07,7.3221663e-06,8.6682394e-07,False,True
421,7.323108e-06,4.0432374e-07,6.880147e-06,1.0721693e-06,False,False
422,6.842488e-06,1.736431e-07,6.917288e-06,1.0515415e-06,False,False
423,7.063622e-06,6.926299e-07,6.7905685e-06,6.8198625e-07,False,False
424,7.0236797e-06,4.9881953e-07,7.059834e-06,8.3216975e-07,False,False
425,7.07421e-06,6.595814e-07,6.948244e-06,8.456152e-07,False,False
426,6.9796674e-06,6.1831497e-07,7.2335324e-06,1.0677437e-06,False,True
427,7.49745e-06,6.978489e-07,7.0968044e-06,8.9723017e-07,True,False
428,7.1667446e-06,2.3378088e-07,6.887237e-06,9.5177523e-07,False,False
429,7.3258852e-06,6.962653e-07,7.4913014e-06,1.1196666e-06,False,True
430,7.2733696e-06,5.5327865e-07,7.1363806e-06,9.79655e-07,False,False
431,6.788142e-06,3.472637e-07,6.898549e-06,7.7477216e-07,False,False
432,7.2967814e-06,9.5327607e-07,6.867171e-06,6.197824e-07,False,False
433,7.323773e-06,3.0305992e-07,7.087023e-06,9.865606e-07,False,False
434,7.0604024e-06,3.9688032e-07,6.7504707e-06,9.140811e-07,False,False
435,7.0604174e-06,4.7287585e-07,6.6814e-06,6.255532e-07,False,False
436,7.2559865e-06,6.1479415e-07,7.1807576e-06,7.92677e-07,False,False
437,7.535109e-06,3.8558608e-07,6.8481254e-06,7.170142e-07,True,False
438,7.0309666e-06,3.9156737e-07,6.642667e-06,6.989406e-07,False,False
439,7.383683e-06,3.5593928e-07,6.903903e-06,4.288957e-07,False,False
440,7.358479e-06,5.666418e-07,7.073687e-06,7.6746755e-07,False,False
441,7.22383e-06,2.3271849e-07,7.2901144e-06,8.04533e-07,False,True
442,7.3657548e-06,4.5097084e-07,6.7961287e-06,6.909828e-07,False,False
443,7.459182e-06,4.613557e-07,7.0096953e-06,6.181886e-07,True,False
444,7.1714667e-06,2.7098648e-07,7.10453e-06,9.014231e-07,False,False
445,7.070669e-06,3.5335765e-07,6.8936242e-06,5.9601166e-07,False,False
446,7.0306646e-06,4.662893e-07,6.9944062e-06,9.1403183e-07,False,False
447,7.16054e-06,2.7281976e-07,7.017713e-06,9.841243e-07,False,False
448,7.307624e-06,4.4729197e-07,6.8252857e-06,9.3133684e-07,False,False
449,7.318739e-06,3.5572322e-07,7.017333e-06,8.8705985e-07,False,False
450,6.850975e-06,2.1568519e-07,6.768296e-06,9.662923e-07,False,False
451,7.06532e-06,5.9485734e-07,7.1378868e-06,7.738593e-07,False,False
452,7.2625107e-06,5.371734e-07,7.2359426e-06,6.7313584e-07,False,True
453,7.1719687e-06,3.333051e-07,6.931489e-06,9.1600754e-07,False,False
454,7.2457565e-06,6.791402e-07,7.0122273e-06,8.293792e-07,False,False
455,7.344518e-06,6.4441366e-07,7.2581656e-06,8.298552e-07,False,True
456,7.209688e-06,3.028416e-07,6.9961548e-06,4.8029045e-07,False,False
457,7.3132805e-06,4.5433717e-07,6.9599387e-06,6.635926e-07,False,False
458,7.360064e-06,3.3790494e-07,7.3483416e-06,6.688949e-07,False,True
459,7.5309845e-06,1.5904766e-07,7.265803e-06,7.55743e-07,True,True
460,7.113487e-06,5.6128283e-07,6.6975126e-06,7.8357675e-07,False,False
461,7.369255e-06,2.9610513e-07,7.137734e-06,8.6499745e-07,False,False
462,7.1832387e-06,7.3442146e-07,7.284606e-06,1.0016272e-06,False,True
463,7.0938804e-06,1.3910966e-07,7.399184e-06,8.1812163e-07,False,True
464,7.4953596e-06,4.7456214e-07,7.0206734e-06,9.3983505e-07,True,False
465,7.3516603e-06,4.4230026e-07,6.88276e-06,7.43581e-07,False,False
466,7.42348e-06,4.6038406e-07,7.130026e-06,8.85632e-07,False,False
467,7.2169823e-06,5.3008574e-07,7.215768e-06,6.946904e-07,False,True
468,7.0849055e-06,2.6479776e-07,7.177895e-06,4.7996065e-07,False,False
469,7.3189294e-06,5.292608e-07,6.7305255e-06,9.411283e-07,False,False
470,7.34257e-06,4.3698336e-07,7.3871206e-06,9.380761e-07,False,True
471,7.0023207e-06,2.585893e-07,7.033729e-06,6.7754075e-07,False,False
472,7.661419e-06,5.120677e-07,7.2719085e-06,8.062265e-07,True,True
473,7.486312e-06,3.5657322e-07,6.9845933e-06,8.557078e-07,True,False
474,7.4528425e-06,4.2447093e-07,6.9481866e-06,9.833769e-07,True,False
475,7.3893634e-06,8.339248e-07,6.9191565e-06,6.152063e-07,False,False
476,7.1621484e-06,4.0333637e-07,7.1663426e-06,7.399742e-07,False,False
477,7.073754e-06,3.4638168e-07,7.074018e-06,6.136994e-07,False,False
478,7.0860724e-06,4.0897797e-07,7.0153524e-06,9.092745e-07,False,False
479,7.376907e-06,5.271528e-07,7.00142e-06,8.5385517e-07,False,False
480,7.2951348e-06,3.1459777e-07,7.1585405e-06,8.330028e-07,False,False
481,7.2117155e-06,2.7997103e-07,7.11572e-06,5.5982105e-07,False,False
482,7.0772503e-06,7.939751e-07,7.03682e-06,9.693484e-07,False,False
483,7.325673e-06,6.1860624e-07,6.6754533e-06,1.0857901e-06,False,False
484,6.9877033e-06,6.0165047e-07,6.7634987e-06,5.8889987e-07,False,False
485,7.009524e-06,7.105766e-07,6.9781345e-06,9.729471e-07,False,False
486,7.413265e-06,4.802041e-07,6.7073465e-06,8.5050044e-07,False,False
487,7.0557116e-06,4.9579853e-07,7.2643916e-06,9.4331216e-07,False,True
488,7.0430992e-06,6.003181e-07,7.248789e-06,7.3729e-07,False,True
489,7.1205563e-06,3.277159e-07,6.8064196e-06,9.0220226e-07,False,False
490,7.183141e-06,4.8500704e-07,6.920823e-06,6.342427e-07,False,False
491,7.087703e-06,5.486612e-07,7.1843665e-06,9.549254e-07,False,False
492,7.233575e-06,4.5469525e-07,6.781672e-06,7.247396e-07,False,False
493,7.637658e-06,5.106041e-07,7.1735462e-06,6.7373617e-07,True,False
494,7.4505238e-06,5.096865e-07,7.2375797e-06,8.523786e-07,True,True
495,7.766752e-06,3.4579872e-07,7.1183663e-06,5.673645e-07,True,False
496,7.201152e-06,8.689961e-08,6.782006e-06,4.973607e-07,False,False
497,7.5673697e-06,2.3199242e-07,6.8425447e-06,9.052668e-07,True,False
498,7.4010604e-06,2.4963023e-07,6.670832e-06,6.0513116e-07,False,False
499,7.3955416e-06,4.3719098e-07,7.1406294e-06,8.3772005e-07,False,False
500,7.1196855e-06,2.9529147e-07,7.00369e-06,4.2009228e-07,False,False
501,7.3591464e-06,7.24704e-07,7.169589e-06,6.9170204e-07,False,False
502,7.344388e-06,5.5023634e-07,6.937439e-06,7.971752e-07,False,False
503,7.5142757e-06,6.2148456e-07,6.9000625e-06,8.5041137e-07,True,False
504,7.03135e-06,4.409436e-07,6.6660737e-06,9.80563e-07,False,False
505,7.3949586e-06,2.818128e-07,7.1397853e-06,9.853848e-07,False,False
506,7.389777e-06,2.0595209e-07,7.0628826e-06,1.1093929e-06,False,False
507,7.252237e-06,7.854368e-07,7.1317627e-06,6.8284845e-07,False,False
508,7.2669063e-06,4.94362e-07,7.087685e-06,9.611894e-07,False,False
509,7.426429e-06,5.314068e-07,7.2402827e-06,1.0359332e-06,True,True
510,7.0925425e-06,4.8002147e-07,7.221577e-06,1.1411163e-06,False,True
511,7.429603e-06,3.3339907e-07,6.9934804e-06,7.3753864e-07,True,False
512,7.1517993e-06,7.580197e-07,6.780602e-06,7.141827e-07,False,False
513,7.439647e-06,4.1730627e-07,7.0265187e-06,7.6062014e-07,True,False
514,7.31343e-06,5.5510617e-07,7.148849e-06,8.9229377e-07,False,False
515,7.434206e-06,5.091502e-07,7.0633396e-06,8.2338846e-07,True,False
516,7.5433845e-06,3.713551e-07,6.901726e-06,8.743903e-07,True,False
517,7.405518e-06,2.810922e-07,7.107341e-06,9.510792e-07,False,False
518,7.6026454e-06,3.75928e-07,6.981782e-06,5.514679e-07,True,False
519,7.1210366e-06,5.5944975e-07,6.9443863e-06,8.8462684e-07,False,False
520,6.80039e-06,3.732946e-07,7.093023e-06,7.611952e-07,False,False
521,7.1965987e-06,4.1998e-07,6.6284497e-06,7.9656047e-07,False,False
522,7.220106e-06,3.3256717e-07,6.833242e-06,7.0188497e-07,False,False
523,7.253531e-06,5.97331e-07,6.7576475e-06,6.0439e-07,False,False
524,7.174413e-06,5.672485e-07,6.8480613e-06,8.7580844e-07,False,False
525,7.1217705e-06,2.8080498e-07,6.562658e-06,8.645462e-07,False,False
526,7.3465912e-06,5.815296e-07,6.927844e-06,9.490991e-07,False,False
527,7.2570065e-06,4.1802576e-07,7.0408823e-06,7.278445e-07,False,False
528,7.185813e-06,6.629767e-07,6.9903836e-06,7.2051216e-07,False,False
529,7.1402233e-06,2.1386366e-07,7.2025564e-06,9.213158e-07,False,False
530,7.4963923e-06,7.3020817e-07,7.368058e-06,1.1263045e-06,True,True
531,7.1690097e-06,7.403003e-07,7.026283e-06,6.300839e-07,False,False
532,7.3082783e-06,5.4135825e-07,6.8866893e-06,8.061299e-07,False,False
533,7.317424e-06,5.287101e-07,7.3466827e-06,8.8076877e-07,False,True
534,7.2885873e-06,2.3017233e-07,7.031904e-06,1.0104454e-06,False,False
535,7.4357476e-06,8.054006e-07,7.142833e-06,8.8940226e-07,True,False
536,7.07392e-06,3.9878506e-07,7.4087766e-06,9.619918e-07,False,True
537,7.283078e-06,8.639468e-07,7.2668613e-06,1.1414662e-06,False,True
538,7.336507e-06,7.1665943e-07,6.894935e-06,1.0898398e-06,False,False
539,7.2848825e-06,7.914703e-07,7.0017095e-06,9.2148014e-07,False,False
540,7.3774454e-06,5.1625426e-07,7.0305664e-06,5.629099e-07,False,False
541,7.2872253e-06,5.6995975e-07,7.2976895e-06,7.1739254e-07,False,True
542,7.486599e-06,5.377351e-07,7.0118185e-06,9.884841e-07,True,False
543,7.3573037e-06,6.615457e-07,7.232512e-06,6.969848e-07,False,True
544,7.586711e-06,6.47593e-07,7.2844064e-06,8.057341e-07,True,True
545,7.4289796e-06,4.0156135e-07,6.984358e-06,1.0014217e-06,True,False
546,7.2104294e-06,1.835691e-07,6.7440515e-06,9.345049e-07,False,False
547,7.214454e-06,3.3165168e-07,6.9916887e-06,9.4109106e-07,False,False
548,7.1289896e-06,5.435133e-07,7.0198316e-06,1.2695958e-06,False,False
549,7.3882e-06,4.813926e-07,7.2573034e-06,6.247019e-07,False,True
550,7.226909e-06,5.335406e-07,7.2335606e-06,9.944989e-07,False,True
551,7.29747e-06,4.487571e-07,6.7942324e-06,9.882074e-07,False,False
552,7.068661e-06,1.8941915e-07,6.8274544e-06,7.311691e-07,False,False
553,7.378226e-06,7.059717e-07,6.9859548e-06,8.2762483e-07,False,False
554,7.173045e-06,2.2747415e-07,7.2112407e-06,9.367824e-07,False,True
555,7.387315e-06,2.8536104e-07,7.150472e-06,8.642536e-07,False,False
556,7.255534e-06,4.8303144e-07,7.4042227e-06,6.237568e-07,False,True
557,7.43711e-06,5.2380443e-07,7.058735e-06,9.835546e-07,True,False
558,7.4049894e-06,4.2338482e-07,7.344929e-06,9.4108344e-07,False,True
559,7.087588e-06,4.802305e-07,7.2400567e-06,7.963969e-07,False,True
560,7.140724e-06,3.8509037e-07,7.0976557e-06,6.718048e-07,False,False
561,7.4300974e-06,6.7227853e-07,7.333547e-06,8.6146616e-07,True,True
562,7.4441036e-06,6.0689695e-07,7.123147e-06,7.0559247e-07,True,False
563,7.035184e-06,2.9374434e-07,7.143335e-06,7.5998054e-07,False,False
564,7.0284004e-06,3.967927e-07,7.1009504e-06,7.618436e-07,False,False
565,7.4531163e-06,3.2210968e-07,7.332556e-06,8.9627827e-07,True,True
566,7.2895577e-06,3.7720375e-07,7.2814555e-06,5.547716e-07,False,True
567,7.136879e-06,5.829943e-07,7.560363e-06,4.586284e-07,False,True
568,7.733901e-06,5.606179e-07,6.967258e-06,8.6425285e-07,True,False
569,6.9621287e-06,6.436157e-07,7.1825634e-06,1.0291087e-06,False,False
570,7.2795237e-06,4.3695215e-07,7.2250564e-06,8.59391e-07,False,True
571,7.0860747e-06,3.0200823e-07,7.4077907e-06,9.719623e-07,False,True
572,7.367142e-06,2.8193767e-07,6.998279e-06,9.431865e-07,False,False
573,7.3299498e-06,3.6282847e-07,6.9280386e-06,1.1251406e-06,False,False
574,7.1931913e-06,1.8009924e-07,7.003051e-06,6.979025e-07,False,False
575,7.23812e-06,3.6919232e-07,7.044615e-06,9.417044e-07,False,False
576,6.979871e-06,5.258586e-07,7.3721167e-06,6.686591e-07,False,True
577,7.118956e-06,3.2419365e-07,7.119602e-06,6.314263e-07,False,False
578,7.477901e-06,5.9947683e-07,6.785832e-06,7.16787e-07,True,False
579,6.787965e-06,5.6024714e-07,6.7854444e-06,7.8075004e-07,False,False
580,7.435853e-06,2.9865245e-07,6.6981092e-06,7.6864313e-07,True,False
581,7.534247e-06,8.6772945e-07,6.931879e-06,8.291803e-07,True,False
582,7.559426e-06,5.7359534e-07,6.914299e-06,8.0630184e-07,True,False
583,7.5097887e-06,5.534672e-07,7.01123e-06,1.0777087e-06,True,False
584,7.234515e-06,8.097392e-07,6.7604183e-06,8.400652e-07,False,False
585,7.1502145e-06,5.0358284e-07,7.0388496e-06,7.0524084e-07,False,False
586,7.5781913e-06,7.0132154e-07,6.985682e-06,9.525292e-07,True,False
587,7.5086186e-06,5.202178e-07,7.2146554e-06,8.691445e-07,True,True
588,7.5638336e-06,6.615134e-07,7.1109885e-06,1.3083821e-06,True,False
589,7.1918557e-06,3.579582e-07,6.9684916e-06,6.896668e-07,False,False
590,7.539572e-06,3.433603e-07,6.907109e-06,9.419318e-07,True,False
591,7.2920056e-06,3.9995334e-07,7.3416995e-06,7.520579e-07,False,True
592,7.1343266e-06,3.981073e-07,6.90409e-06,9.4975195e-07,False,False
593,7.441754e-06,3.0690717e-07,6.9576317e-06,1.0450714e-06,True,False
594,7.677557e-06,2.5785022e-07,6.814755e-06,9.0430086e-07,True,False
595,7.201123e-06,3.6549568e-07,6.7882165e-06,8.104888e-07,False,False
596,6.6919056e-06,2.5986634e-07,6.273255e-06,5.046788e-07,False,False
597,6.212221e-06,3.2943186e-07,5.821722e-06,5.6664567e-07,False,False
598,5.555862e-06,3.970201e-07,5.351763e-06,2.2066135e-07,False,False
599,4.803064e-06,4.0134242e-07,4.816614e-06,4.17041e-07,False,False
