timepoint,mean_asd,mean_td,p_raw,p_fdr,sig_raw,sig_fdr
0,0.0017091811,0.0017669654,0.4810311851098693,0.9830986973666398,False,False
1,0.0016977828,0.001822092,0.21924792433115523,0.934383361120463,False,False
2,0.001691058,0.0017622355,0.4472867789454157,0.9830986973666398,False,False
3,0.0017174352,0.0017089285,0.9350808889009702,0.9830986973666398,False,False
4,0.0016159201,0.0016804661,0.5207665595559232,0.9830986973666398,False,False
5,0.0016948445,0.0016915554,0.9708050742009754,0.9855889078182491,False,False
6,0.0016680358,0.0016461185,0.7068569900871742,0.9830986973666398,False,False
7,0.0016405737,0.001659303,0.7287379652003274,0.9830986973666398,False,False
8,0.001639617,0.0017084398,0.3818041475054515,0.9645072868282002,False,False
9,0.0016924413,0.0016846588,0.8860661346220867,0.9830986973666398,False,False
10,0.0017516336,0.001625685,0.02694459881502237,0.934383361120463,True,False
11,0.0017027669,0.0016728688,0.5527705928374643,0.9830986973666398,False,False
12,0.0016361928,0.0017049809,0.1890441305930011,0.934383361120463,False,False
13,0.0015808409,0.0016093481,0.5638661429901424,0.9830986973666398,False,False
14,0.0016728167,0.0017505847,0.22831450194686131,0.934383361120463,False,False
15,0.0016624655,0.0016310991,0.48870438015020634,0.9830986973666398,False,False
16,0.0016680339,0.0016616818,0.9228869828729654,0.9830986973666398,False,False
17,0.0017360381,0.0017422698,0.9064016162028966,0.9830986973666398,False,False
18,0.0016599955,0.0016315263,0.5883127046991854,0.9830986973666398,False,False
19,0.0016509464,0.0016710341,0.7705075628731082,0.9830986973666398,False,False
20,0.0016625652,0.0017197176,0.36540854603189526,0.9610244823288306,False,False
21,0.0016612423,0.0016639562,0.9650873036068959,0.9830986973666398,False,False
22,0.0016758747,0.0016794152,0.9406417540485332,0.9830986973666398,False,False
23,0.0016805467,0.0016376398,0.3097291938790462,0.9610244823288306,False,False
24,0.0016559509,0.0016251309,0.5647872680955679,0.9830986973666398,False,False
25,0.001677777,0.0016722239,0.8793404082711511,0.9830986973666398,False,False
26,0.0017177457,0.001708492,0.8650204097199009,0.9830986973666398,False,False
27,0.0016606419,0.0016917229,0.5141426722973608,0.9830986973666398,False,False
28,0.0016515801,0.0015815621,0.13806972924134,0.934383361120463,False,False
29,0.0016706975,0.0016208652,0.41075431098187776,0.9830986973666398,False,False
30,0.0017175829,0.0016928554,0.741982812779451,0.9830986973666398,False,False
31,0.0016790691,0.0016835555,0.940195483535056,0.9830986973666398,False,False
32,0.0017099548,0.0016029958,0.2019084362724017,0.934383361120463,False,False
33,0.0017435498,0.0016283833,0.22155259574383598,0.934383361120463,False,False
34,0.0016714532,0.0016588729,0.8797165396730862,0.9830986973666398,False,False
35,0.0017082175,0.0016874606,0.6490684154709069,0.9830986973666398,False,False
36,0.0016386264,0.0016925143,0.26964504223120533,0.934383361120463,False,False
37,0.0016645871,0.0016933309,0.5513628070578982,0.9830986973666398,False,False
38,0.0016671255,0.0016699086,0.9425771160784551,0.9830986973666398,False,False
39,0.0016429063,0.0017143423,0.37956313972036443,0.9645072868282002,False,False
40,0.0016684651,0.0016282338,0.3334367903091576,0.9610244823288306,False,False
41,0.0017362831,0.0016701833,0.2624018746761232,0.934383361120463,False,False
42,0.0016497659,0.0016778281,0.6971913002628053,0.9830986973666398,False,False
43,0.0016472706,0.0016568378,0.8498301557804313,0.9830986973666398,False,False
44,0.0016810918,0.0016208626,0.13869262535197496,0.934383361120463,False,False
45,0.0016527589,0.0016503182,0.9583954209136729,0.9830986973666398,False,False
46,0.0017362315,0.0017019497,0.49782512044403393,0.9830986973666398,False,False
47,0.0017158326,0.0016550071,0.47728556800412203,0.9830986973666398,False,False
48,0.0017105,0.0017875843,0.18381938473652215,0.934383361120463,False,False
49,0.0016971318,0.0016787614,0.7686080338275849,0.9830986973666398,False,False
50,0.0017278468,0.0016907634,0.5742727401752183,0.9830986973666398,False,False
51,0.0016594451,0.0016594589,0.9997950328369929,0.9997950328369929,False,False
52,0.0016050909,0.0017024347,0.15894748688561627,0.934383361120463,False,False
53,0.0016601242,0.0017082402,0.2824422787338577,0.934383361120463,False,False
54,0.001730348,0.0017044063,0.638499185687972,0.9830986973666398,False,False
55,0.0017433293,0.0016897436,0.36274436555112916,0.9610244823288306,False,False
56,0.0016838791,0.0016194226,0.353563890720938,0.9610244823288306,False,False
57,0.0016759638,0.0016059196,0.11347442049936818,0.934383361120463,False,False
58,0.001684191,0.0016612817,0.6144579074497336,0.9830986973666398,False,False
59,0.0016892195,0.0015947826,0.29394201290769484,0.9422373921950243,False,False
60,0.0016783535,0.0016150564,0.13408551344525516,0.934383361120463,False,False
61,0.0017066583,0.0016976524,0.832051410056629,0.9830986973666398,False,False
62,0.001677966,0.0016421763,0.385274170412404,0.967215490575073,False,False
63,0.0016394068,0.0016658163,0.6501571174682519,0.9830986973666398,False,False
64,0.0017112658,0.0016799159,0.5316019760769103,0.9830986973666398,False,False
65,0.0016635809,0.0016704705,0.8752770485440373,0.9830986973666398,False,False
66,0.0016321875,0.0016969902,0.17180246854446307,0.934383361120463,False,False
67,0.0016022731,0.0016287301,0.5048601206470634,0.9830986973666398,False,False
68,0.0016881429,0.0017167572,0.21510646991007953,0.934383361120463,False,False
69,0.0017451809,0.0016577386,0.20116788470913483,0.934383361120463,False,False
70,0.0016983524,0.0017171515,0.7749526153880119,0.9830986973666398,False,False
71,0.0016742677,0.0016671789,0.877575302366748,0.9830986973666398,False,False
72,0.0017193535,0.0016746183,0.3576322296557846,0.9610244823288306,False,False
73,0.001633114,0.0016867735,0.2635212369688231,0.934383361120463,False,False
74,0.0017003492,0.0017047618,0.9643930293982431,0.9830986973666398,False,False
75,0.0016519955,0.00163436,0.7742511611810854,0.9830986973666398,False,False
76,0.0016598215,0.001646144,0.794176458530673,0.9830986973666398,False,False
77,0.0016805485,0.0016467919,0.6008711031494647,0.9830986973666398,False,False
78,0.0016237575,0.0016668474,0.2914030437304483,0.9422373921950243,False,False
79,0.0016837206,0.0017013529,0.8019187781706343,0.9830986973666398,False,False
80,0.0016313111,0.0017019783,0.25687277320027024,0.934383361120463,False,False
81,0.0016206574,0.0015598917,0.22738686287278095,0.934383361120463,False,False
82,0.001675535,0.0016953346,0.6342505830354337,0.9830986973666398,False,False
83,0.0017107276,0.001651717,0.47739052520525194,0.9830986973666398,False,False
84,0.0017097013,0.0017152096,0.9381558078819323,0.9830986973666398,False,False
85,0.0016565772,0.0017104705,0.16889575718772773,0.934383361120463,False,False
86,0.001557482,0.0016921163,0.011578355087172174,0.934383361120463,True,False
87,0.0016257785,0.0016642271,0.6255793926883348,0.9830986973666398,False,False
88,0.0017598991,0.0017076446,0.5506440713500124,0.9830986973666398,False,False
89,0.0017235214,0.0016272913,0.17113543507799253,0.934383361120463,False,False
90,0.0016363427,0.0016986039,0.37479954810824395,0.9610244823288306,False,False
91,0.0016491493,0.0016617685,0.7809133123277183,0.9830986973666398,False,False
92,0.0016181028,0.00168194,0.272170717847337,0.934383361120463,False,False
93,0.001688496,0.0016863231,0.966519602228539,0.9830986973666398,False,False
94,0.0016703422,0.0017109262,0.5538739397887691,0.9830986973666398,False,False
95,0.0017224367,0.0016440265,0.17893866169990194,0.934383361120463,False,False
96,0.0016243635,0.0016613178,0.46700460314106074,0.9830986973666398,False,False
97,0.0015904575,0.001649027,0.24454763609462554,0.934383361120463,False,False
98,0.0016112893,0.0016369805,0.5495445444167651,0.9830986973666398,False,False
99,0.0016603388,0.0016093387,0.16105012796987964,0.934383361120463,False,False
100,0.0017076327,0.0016321735,0.35785863220592895,0.9610244823288306,False,False
101,0.0017319064,0.0016523914,0.21379805854500292,0.934383361120463,False,False
102,0.001706403,0.0016709378,0.6684184556761781,0.9830986973666398,False,False
103,0.0016465138,0.0016954258,0.4216812795045882,0.9830986973666398,False,False
104,0.0016848147,0.0016177727,0.17557889177603772,0.934383361120463,False,False
105,0.0016672395,0.0016315486,0.49587689171760807,0.9830986973666398,False,False
106,0.0016990604,0.0016075044,0.17025717325557094,0.934383361120463,False,False
107,0.0016807355,0.0016293207,0.4362243247861197,0.9830986973666398,False,False
108,0.0017385744,0.0016418826,0.09280873790725362,0.934383361120463,False,False
109,0.0016825728,0.0016357063,0.4539690147864851,0.9830986973666398,False,False
110,0.0017011663,0.0016275148,0.08466831205545226,0.934383361120463,False,False
111,0.0016903933,0.0016702454,0.6539955264910013,0.9830986973666398,False,False
112,0.0016738201,0.0016880553,0.8050443186252665,0.9830986973666398,False,False
113,0.0016505508,0.0016936886,0.5275182279006714,0.9830986973666398,False,False
114,0.0016458074,0.0016893393,0.547537983888421,0.9830986973666398,False,False
115,0.0016340197,0.0016321816,0.9615792150698181,0.9830986973666398,False,False
116,0.0016096197,0.0016221243,0.8016935019088796,0.9830986973666398,False,False
117,0.0015935752,0.001629211,0.4670785030062131,0.9830986973666398,False,False
118,0.0016098324,0.0016974742,0.11410223909661464,0.934383361120463,False,False
119,0.0016672626,0.0017858943,0.010971490678643796,0.934383361120463,True,False
120,0.001656689,0.0016649056,0.8408249687911807,0.9830986973666398,False,False
121,0.0016591831,0.0016408289,0.7737837424505263,0.9830986973666398,False,False
122,0.0016043626,0.0016438089,0.29384091249687516,0.9422373921950243,False,False
123,0.0016295146,0.0015880354,0.5296216260239345,0.9830986973666398,False,False
124,0.001618978,0.0016297937,0.8489433483693359,0.9830986973666398,False,False
125,0.0016182177,0.001708135,0.19364593842273317,0.934383361120463,False,False
126,0.0016688152,0.0016472132,0.7333454712645916,0.9830986973666398,False,False
127,0.0017055774,0.001663516,0.34550736605722976,0.9610244823288306,False,False
128,0.001719684,0.001583054,0.06832466328994648,0.934383361120463,True,False
129,0.0017029422,0.0016450502,0.29550922105014654,0.9422373921950243,False,False
130,0.0016006926,0.0016292259,0.5767343935450792,0.9830986973666398,False,False
131,0.0016848445,0.0016463961,0.45267786341400507,0.9830986973666398,False,False
132,0.0015943907,0.0016717634,0.15492811548509927,0.934383361120463,False,False
133,0.0016148144,0.0016369894,0.7153678203688449,0.9830986973666398,False,False
134,0.0016790458,0.0016814971,0.9642084997551863,0.9830986973666398,False,False
135,0.0016804587,0.0016703524,0.8890679198255629,0.9830986973666398,False,False
136,0.0016873315,0.0016680838,0.6003229740042244,0.9830986973666398,False,False
137,0.0017184404,0.0016965267,0.6057705058049128,0.9830986973666398,False,False
138,0.0017265644,0.0016617381,0.4723881195067967,0.9830986973666398,False,False
139,0.0016916519,0.0016137185,0.24893925659670071,0.934383361120463,False,False
140,0.0015999482,0.0017851727,0.0016829585802520899,0.934383361120463,True,False
141,0.0016732553,0.0016510763,0.6907205684559901,0.9830986973666398,False,False
142,0.0016613835,0.0016706191,0.8889425424856516,0.9830986973666398,False,False
143,0.0016371427,0.0016924677,0.13292496488574637,0.934383361120463,False,False
144,0.001698728,0.0017241032,0.5907819169552329,0.9830986973666398,False,False
145,0.0016705163,0.0016810643,0.8734721414077549,0.9830986973666398,False,False
146,0.0016414359,0.0016927341,0.580363180320961,0.9830986973666398,False,False
147,0.0016451867,0.0016701978,0.6876514647758405,0.9830986973666398,False,False
148,0.0016560156,0.0016600484,0.9380263693421769,0.9830986973666398,False,False
149,0.0017088887,0.0016182058,0.10660360643774068,0.934383361120463,False,False
150,0.0016598068,0.0015570663,0.15467569913888807,0.934383361120463,False,False
151,0.0016690955,0.0016206326,0.05129441655439394,0.934383361120463,True,False
152,0.0017087472,0.0016199962,0.15769520060791034,0.934383361120463,False,False
153,0.0016950232,0.0016713586,0.7255252519997535,0.9830986973666398,False,False
154,0.0017695876,0.0016725527,0.06472958217981155,0.934383361120463,True,False
155,0.0016727338,0.0017169656,0.41984915940740997,0.9830986973666398,False,False
156,0.0016717784,0.0015983708,0.1863476975855137,0.934383361120463,False,False
157,0.0017401942,0.0016443931,0.2638845316788665,0.934383361120463,False,False
158,0.0016695892,0.0016151773,0.24308382979778834,0.934383361120463,False,False
159,0.0016342581,0.0016518284,0.6568129426165638,0.9830986973666398,False,False
160,0.0016394263,0.0016962539,0.39925647725541913,0.9739401443668154,False,False
161,0.0017005705,0.0016564047,0.26998399009602225,0.934383361120463,False,False
162,0.0016595904,0.001598052,0.280194981163541,0.934383361120463,False,False
163,0.0016727826,0.0016710162,0.9660035976435715,0.9830986973666398,False,False
164,0.0016835596,0.0016877891,0.9155473891410233,0.9830986973666398,False,False
165,0.0015661338,0.0016380219,0.21200511960384985,0.934383361120463,False,False
166,0.0016190173,0.0016368075,0.7060109629899847,0.9830986973666398,False,False
167,0.0016710928,0.0016549766,0.7549415895524006,0.9830986973666398,False,False
168,0.0016394292,0.0016974524,0.29680477854143267,0.9422373921950243,False,False
169,0.0016885303,0.0016684558,0.7019991920550459,0.9830986973666398,False,False
170,0.0016963657,0.0016277252,0.3981163016205046,0.9739401443668154,False,False
171,0.0016038154,0.0016816121,0.2721914366705574,0.934383361120463,False,False
172,0.0016887635,0.0016311217,0.3779724877946806,0.9645072868282002,False,False
173,0.0016559095,0.0017193919,0.42405317392758424,0.9830986973666398,False,False
174,0.0017177047,0.0016958693,0.7327321190595948,0.9830986973666398,False,False
175,0.001690963,0.0015968222,0.21123635393388226,0.934383361120463,False,False
176,0.0016846048,0.0017624565,0.2598131839899095,0.934383361120463,False,False
177,0.0016629329,0.0016660284,0.9515250259512043,0.9830986973666398,False,False
178,0.0016331195,0.0016740544,0.32003703262290173,0.9610244823288306,False,False
179,0.001637995,0.0016552582,0.734504592252182,0.9830986973666398,False,False
180,0.0016650723,0.0017302172,0.22946377376332952,0.934383361120463,False,False
181,0.0016372002,0.0016445017,0.9297697461275753,0.9830986973666398,False,False
182,0.0016890742,0.0017359753,0.5248144426404411,0.9830986973666398,False,False
183,0.0016175399,0.0017120463,0.14952619520025084,0.934383361120463,False,False
184,0.0016347896,0.0016826123,0.3370048658769883,0.9610244823288306,False,False
185,0.0017375486,0.001679346,0.2433098708896504,0.934383361120463,False,False
186,0.0016408566,0.0017291389,0.1531730398171551,0.934383361120463,False,False
187,0.0016762245,0.0016811935,0.9429804777045785,0.9830986973666398,False,False
188,0.0016968828,0.001638205,0.08434166063091497,0.934383361120463,False,False
189,0.0017037686,0.0016244637,0.12298369420887177,0.934383361120463,False,False
190,0.0016015483,0.0016817923,0.11142446805663782,0.934383361120463,False,False
191,0.0016835999,0.0016902573,0.9100648297821334,0.9830986973666398,False,False
192,0.0016661038,0.0017180204,0.6551671791471076,0.9830986973666398,False,False
193,0.0016639851,0.0016371304,0.6113944994658105,0.9830986973666398,False,False
194,0.0016853999,0.0017308265,0.3969266881830608,0.9739401443668154,False,False
195,0.001697078,0.0016792056,0.6927691142656996,0.9830986973666398,False,False
196,0.0016749628,0.0017041096,0.485390893583018,0.9830986973666398,False,False
197,0.0016544464,0.0016514696,0.9593943645503045,0.9830986973666398,False,False
198,0.0016929008,0.0016778614,0.8479321126558714,0.9830986973666398,False,False
199,0.0016805127,0.0016122737,0.17766153900987275,0.934383361120463,False,False
200,0.001669965,0.0016928867,0.654601339432092,0.9830986973666398,False,False
201,0.001713389,0.0016832089,0.49385575851555297,0.9830986973666398,False,False
202,0.0017393125,0.0016462806,0.13271688826438535,0.934383361120463,False,False
203,0.0016805988,0.0016565502,0.73010229569574,0.9830986973666398,False,False
204,0.0016707571,0.0016681431,0.9500387261725766,0.9830986973666398,False,False
205,0.0017032381,0.0016227283,0.17938342085957906,0.934383361120463,False,False
206,0.0016644684,0.0016515838,0.7351448596768494,0.9830986973666398,False,False
207,0.0016732903,0.0016469527,0.5947193922223966,0.9830986973666398,False,False
208,0.0016843143,0.0016552033,0.662461290058809,0.9830986973666398,False,False
209,0.0016340552,0.0016458733,0.7976628980975196,0.9830986973666398,False,False
210,0.0016469223,0.00163587,0.8522081489305481,0.9830986973666398,False,False
211,0.0016738009,0.0017042293,0.5673697789657437,0.9830986973666398,False,False
212,0.0016787971,0.0016850587,0.8739496284416359,0.9830986973666398,False,False
213,0.0016440774,0.0016519306,0.8816312576987025,0.9830986973666398,False,False
214,0.001672313,0.0016901849,0.6751199056804953,0.9830986973666398,False,False
215,0.0016599627,0.0015877268,0.25064903361388957,0.934383361120463,False,False
216,0.0016684963,0.0015764373,0.12181833801903628,0.934383361120463,False,False
217,0.0016462846,0.0016725803,0.3409881891552082,0.9610244823288306,False,False
218,0.0016386838,0.0017115753,0.24886749360491778,0.934383361120463,False,False
219,0.0016639043,0.0017011734,0.6061171863011613,0.9830986973666398,False,False
220,0.001603451,0.0016375262,0.5570014031932548,0.9830986973666398,False,False
221,0.0016801624,0.0016443614,0.616072878579189,0.9830986973666398,False,False
222,0.0016956948,0.0016800554,0.759625163206769,0.9830986973666398,False,False
223,0.0016811846,0.0017229881,0.5512331916267712,0.9830986973666398,False,False
224,0.0016203718,0.0017345619,0.06640290766730503,0.934383361120463,True,False
225,0.0016861589,0.0016703911,0.6873726086697316,0.9830986973666398,False,False
226,0.0016329018,0.0016324433,0.9899173334791005,0.9943889743889274,False,False
227,0.0016438437,0.0016574726,0.8497539029583201,0.9830986973666398,False,False
228,0.0017040232,0.0016411176,0.2767104534523761,0.934383361120463,False,False
229,0.001684548,0.0016776857,0.8963936404103456,0.9830986973666398,False,False
230,0.0017120296,0.001671897,0.4864117809117562,0.9830986973666398,False,False
231,0.0015794126,0.001624576,0.430742925338377,0.9830986973666398,False,False
232,0.0016104488,0.0016251674,0.6487848976388383,0.9830986973666398,False,False
233,0.001661456,0.0017073,0.2736318206734608,0.934383361120463,False,False
234,0.0016792525,0.0016602349,0.7417679880944226,0.9830986973666398,False,False
235,0.0016069269,0.0017375859,0.06823668596155626,0.934383361120463,True,False
236,0.0016526645,0.0016575899,0.9184436601336918,0.9830986973666398,False,False
237,0.0016599534,0.0016768153,0.615885575455549,0.9830986973666398,False,False
238,0.0016630624,0.0016603153,0.955446922462154,0.9830986973666398,False,False
239,0.0016533379,0.0016821243,0.4139388495228731,0.9830986973666398,False,False
240,0.0017841253,0.0016635712,0.1167879267217351,0.934383361120463,False,False
241,0.0016764638,0.0016668349,0.8300835029805249,0.9830986973666398,False,False
242,0.0016779021,0.0016705664,0.8805206590454855,0.9830986973666398,False,False
243,0.001704022,0.0017184097,0.830104314118734,0.9830986973666398,False,False
244,0.001627529,0.0016307018,0.9433438829899239,0.9830986973666398,False,False
245,0.001641614,0.0016598437,0.7196676903940247,0.9830986973666398,False,False
246,0.0016525969,0.0016045393,0.11959616176843701,0.934383361120463,False,False
247,0.0016589973,0.0016503779,0.8480392923916411,0.9830986973666398,False,False
248,0.0016361482,0.0016818207,0.3133003518627546,0.9610244823288306,False,False
249,0.0015759866,0.001606596,0.5430884068679673,0.9830986973666398,False,False
250,0.0016571258,0.0016485362,0.8828668133279711,0.9830986973666398,False,False
251,0.0017015993,0.0017001622,0.9438890428903064,0.9830986973666398,False,False
252,0.0017209819,0.0016131394,0.060126921630308555,0.934383361120463,True,False
253,0.0016597497,0.0016973617,0.40126245514138503,0.9747266116794778,False,False
254,0.001684571,0.0016730953,0.8173484480902529,0.9830986973666398,False,False
255,0.0016239651,0.0016089365,0.6991966537061467,0.9830986973666398,False,False
256,0.0016503416,0.0017437162,0.13606597607328627,0.934383361120463,False,False
257,0.001636832,0.0017019097,0.32267921790403514,0.9610244823288306,False,False
258,0.0016195166,0.0016716812,0.5890984407817976,0.9830986973666398,False,False
259,0.0016019944,0.0016622783,0.34616686577248823,0.9610244823288306,False,False
260,0.0016277976,0.0017123312,0.2835002577956975,0.934383361120463,False,False
261,0.0016887424,0.0016255609,0.27248216871876385,0.934383361120463,False,False
262,0.0016797272,0.0016503582,0.6020169232710906,0.9830986973666398,False,False
263,0.0017147949,0.0016619621,0.1922877752831983,0.934383361120463,False,False
264,0.0016885288,0.0015846936,0.10731173747734338,0.934383361120463,False,False
265,0.0016238627,0.0016208624,0.9459663488267251,0.9830986973666398,False,False
266,0.0016320838,0.0017020867,0.360710300180002,0.9610244823288306,False,False
267,0.0016887061,0.0016557751,0.5965784618480738,0.9830986973666398,False,False
268,0.0016149856,0.0016927763,0.1517636239225123,0.934383361120463,False,False
269,0.0017067954,0.001719771,0.8656669002481069,0.9830986973666398,False,False
270,0.0016416268,0.0016370065,0.9433488001220498,0.9830986973666398,False,False
271,0.0016838668,0.0017177807,0.5042350967033917,0.9830986973666398,False,False
272,0.0016615664,0.0016219458,0.35035649310747136,0.9610244823288306,False,False
273,0.0017136028,0.0016784614,0.45973643834366396,0.9830986973666398,False,False
274,0.0017294843,0.0017121412,0.7780745472629632,0.9830986973666398,False,False
275,0.0016370636,0.0016940531,0.18734285341497772,0.934383361120463,False,False
276,0.0017082648,0.0016950138,0.7512284417298349,0.9830986973666398,False,False
277,0.0016052283,0.0016121976,0.913689231315848,0.9830986973666398,False,False
278,0.0016695369,0.0016873579,0.6572458105115597,0.9830986973666398,False,False
279,0.0016739189,0.0016050024,0.10275232182576723,0.934383361120463,False,False
280,0.0016483419,0.001647768,0.9910743346883326,0.9943889743889274,False,False
281,0.001633805,0.0016899945,0.4076400741812231,0.9822652389908991,False,False
282,0.001643062,0.0016818115,0.43533464701477187,0.9830986973666398,False,False
283,0.001774082,0.0016503222,0.05957292394847855,0.934383361120463,True,False
284,0.0016419893,0.0016219921,0.6383824847564508,0.9830986973666398,False,False
285,0.001676332,0.0016621659,0.693110908441416,0.9830986973666398,False,False
286,0.0016854496,0.0016703742,0.8124041208749495,0.9830986973666398,False,False
287,0.0016465399,0.0016327177,0.8102515867537508,0.9830986973666398,False,False
288,0.0016552486,0.0017137735,0.34193846731738253,0.9610244823288306,False,False
289,0.0017043836,0.0017133448,0.8534297071183414,0.9830986973666398,False,False
290,0.0016509173,0.0016597584,0.8596650264687508,0.9830986973666398,False,False
291,0.0016313359,0.0016442675,0.7100165246216765,0.9830986973666398,False,False
292,0.0016177434,0.0017073199,0.12704785310962385,0.934383361120463,False,False
293,0.0016850624,0.0017014563,0.6829116074457618,0.9830986973666398,False,False
294,0.0016592529,0.001724065,0.42586282131464587,0.9830986973666398,False,False
295,0.001658285,0.0016893966,0.6649710689086967,0.9830986973666398,False,False
296,0.0016189788,0.0016455723,0.5769397764894808,0.9830986973666398,False,False
297,0.0016623128,0.0016424585,0.741666051599149,0.9830986973666398,False,False
298,0.0017230182,0.0017011237,0.7618020911773666,0.9830986973666398,False,False
299,0.0017008355,0.0016274021,0.2505563259373289,0.934383361120463,False,False
300,0.0016809028,0.0017384775,0.3289463984328741,0.9610244823288306,False,False
301,0.0016713695,0.0016406275,0.541907236321202,0.9830986973666398,False,False
302,0.001667567,0.0016748415,0.9120148053984802,0.9830986973666398,False,False
303,0.001644992,0.0016516407,0.897414511500739,0.9830986973666398,False,False
304,0.0016617732,0.001739221,0.22658937397175116,0.934383361120463,False,False
305,0.0016222693,0.001672181,0.20021560310272776,0.934383361120463,False,False
306,0.0016724493,0.0016931274,0.6598138893683209,0.9830986973666398,False,False
307,0.0016664729,0.001672191,0.9323108270539633,0.9830986973666398,False,False
308,0.0016686354,0.0016727416,0.9275575317670409,0.9830986973666398,False,False
309,0.0016593508,0.0016914133,0.5179836831707101,0.9830986973666398,False,False
310,0.0016500788,0.0016737173,0.7092970965056817,0.9830986973666398,False,False
311,0.0016815753,0.0016264446,0.3372068705516557,0.9610244823288306,False,False
312,0.0016299644,0.0016487418,0.7594340019088088,0.9830986973666398,False,False
313,0.0016783548,0.0017042242,0.6464963820300551,0.9830986973666398,False,False
314,0.0016356338,0.0016272205,0.8899816587514806,0.9830986973666398,False,False
315,0.0016441302,0.0016468493,0.9667137190771957,0.9830986973666398,False,False
316,0.0016342402,0.0017113604,0.043342911903217075,0.934383361120463,True,False
317,0.0016617847,0.0016869958,0.6443614399987814,0.9830986973666398,False,False
318,0.0016551813,0.0015861776,0.2668214139499772,0.934383361120463,False,False
319,0.0016638327,0.001648304,0.7367000258775339,0.9830986973666398,False,False
320,0.0016353695,0.0016810272,0.22747975512206056,0.934383361120463,False,False
321,0.001665259,0.001720527,0.4965759836923115,0.9830986973666398,False,False
322,0.0016576461,0.0016809327,0.7225490455041943,0.9830986973666398,False,False
323,0.0016398404,0.0017042644,0.3271833656491202,0.9610244823288306,False,False
324,0.0016681522,0.00166761,0.9910084351200961,0.9943889743889274,False,False
325,0.0016371084,0.0016325457,0.9288829766045105,0.9830986973666398,False,False
326,0.0017127026,0.0016534552,0.2693986064647363,0.934383361120463,False,False
327,0.001675746,0.0016177197,0.4052937318717155,0.9805493513025375,False,False
328,0.0016738767,0.0016984979,0.49458257106104786,0.9830986973666398,False,False
329,0.0016805567,0.001671043,0.8535325249649568,0.9830986973666398,False,False
330,0.0016637215,0.0016571222,0.8995876503254494,0.9830986973666398,False,False
331,0.0016082774,0.0016409243,0.5143371186521357,0.9830986973666398,False,False
332,0.0016712615,0.0016666995,0.9333667083411876,0.9830986973666398,False,False
333,0.0016611256,0.0016386673,0.6594161230287392,0.9830986973666398,False,False
334,0.0016972084,0.0016686333,0.6855747136741019,0.9830986973666398,False,False
335,0.0016789647,0.001620831,0.3573631976148669,0.9610244823288306,False,False
336,0.0017162781,0.0016383452,0.19848828864420723,0.934383361120463,False,False
337,0.0016941971,0.0017443072,0.4567164444207209,0.9830986973666398,False,False
338,0.001680018,0.0016325817,0.343874847919191,0.9610244823288306,False,False
339,0.0016555166,0.0017408595,0.22550768168276342,0.934383361120463,False,False
340,0.0016810892,0.0016333789,0.23275603253137,0.934383361120463,False,False
341,0.0016314185,0.0016808396,0.4198995661325381,0.9830986973666398,False,False
342,0.001638791,0.0017030839,0.28163389735643723,0.934383361120463,False,False
343,0.001727682,0.001661038,0.21902824642184343,0.934383361120463,False,False
344,0.001672426,0.0016261559,0.44535516143839426,0.9830986973666398,False,False
345,0.0017106216,0.0016889808,0.8089055680279794,0.9830986973666398,False,False
346,0.0016513411,0.0017073894,0.2895441234163245,0.9422373921950243,False,False
347,0.0016168107,0.0017375264,0.07989097415508618,0.934383361120463,True,False
348,0.001646438,0.0016605757,0.8049260817104622,0.9830986973666398,False,False
349,0.0016122435,0.0016931475,0.2546634427312273,0.934383361120463,False,False
350,0.0017072704,0.0016660147,0.26506948888485293,0.934383361120463,False,False
351,0.0016383479,0.0016999798,0.3730297201043162,0.9610244823288306,False,False
352,0.0017212821,0.0016153883,0.18671085937314,0.934383361120463,False,False
353,0.0016596852,0.001644163,0.7908598673200667,0.9830986973666398,False,False
354,0.0016820139,0.001694162,0.8299967949871798,0.9830986973666398,False,False
355,0.0015936687,0.0016852745,0.1861144705955613,0.934383361120463,False,False
356,0.0016594015,0.0016269296,0.6599650452516768,0.9830986973666398,False,False
357,0.0016038555,0.0016433608,0.4292499892248419,0.9830986973666398,False,False
358,0.001644193,0.0017238684,0.17882385587762184,0.934383361120463,False,False
359,0.0017617668,0.0016400719,0.06968517543166836,0.934383361120463,True,False
360,0.0016610041,0.0017433455,0.15693552595477206,0.934383361120463,False,False
361,0.0017146904,0.0016114165,0.036722037951595995,0.934383361120463,True,False
362,0.0016878409,0.0017233413,0.2364289973897103,0.934383361120463,False,False
363,0.0016634362,0.0017484179,0.2843602923103991,0.934383361120463,False,False
364,0.0017206483,0.0016948862,0.5394435938400566,0.9830986973666398,False,False
365,0.0017525811,0.0016498113,0.1163800424038805,0.934383361120463,False,False
366,0.0016712665,0.00168241,0.7810515356243113,0.9830986973666398,False,False
367,0.0016565372,0.001618956,0.47291659018492394,0.9830986973666398,False,False
368,0.0016110115,0.0015647013,0.36070049042348934,0.9610244823288306,False,False
369,0.0016696468,0.0017208733,0.2612022100764933,0.934383361120463,False,False
370,0.0016370766,0.0017129438,0.13831530890636853,0.934383361120463,False,False
371,0.0016733271,0.0017063953,0.49604575294416076,0.9830986973666398,False,False
372,0.0016847547,0.0016590338,0.7137947659364392,0.9830986973666398,False,False
373,0.0016279785,0.0016529433,0.6276293214636005,0.9830986973666398,False,False
374,0.0016333207,0.0016450603,0.8453972943724936,0.9830986973666398,False,False
375,0.0016610296,0.0016922196,0.5528188722424157,0.9830986973666398,False,False
376,0.0016576427,0.0016083056,0.24380155757025182,0.934383361120463,False,False
377,0.0016674027,0.0016784891,0.7674040099814659,0.9830986973666398,False,False
378,0.0016736422,0.0016682846,0.9124618668716318,0.9830986973666398,False,False
379,0.001689673,0.0016423367,0.3582460517205036,0.9610244823288306,False,False
380,0.0016684886,0.0016478908,0.5721119748374952,0.9830986973666398,False,False
381,0.0016207118,0.0016442137,0.6774513336557234,0.9830986973666398,False,False
382,0.0016389486,0.001641215,0.9617963201164703,0.9830986973666398,False,False
383,0.0017273638,0.0017061203,0.7372092632539167,0.9830986973666398,False,False
384,0.0016084227,0.0016620724,0.2752041605085725,0.934383361120463,False,False
385,0.0016036294,0.0017695945,0.11787413402673386,0.934383361120463,False,False
386,0.001620266,0.0016104489,0.8256631267566638,0.9830986973666398,False,False
387,0.0016854346,0.0017206334,0.5897107022215566,0.9830986973666398,False,False
388,0.001659148,0.0016465507,0.7137190424968936,0.9830986973666398,False,False
389,0.0016973217,0.0016412577,0.15031030235851459,0.934383361120463,False,False
390,0.0016972037,0.0016352108,0.3513045400490323,0.9610244823288306,False,False
391,0.0016622816,0.0016655617,0.9484967308425325,0.9830986973666398,False,False
392,0.0016390185,0.0017015984,0.2282615224775444,0.934383361120463,False,False
393,0.0016241487,0.0016066782,0.7784050707047946,0.9830986973666398,False,False
394,0.001689209,0.0017027796,0.8331253430105074,0.9830986973666398,False,False
395,0.0016529169,0.0016429921,0.83111011960445,0.9830986973666398,False,False
396,0.0016934325,0.0017051228,0.8368549768623446,0.9830986973666398,False,False
397,0.0016036633,0.0016110286,0.9097600134523729,0.9830986973666398,False,False
398,0.0016018844,0.0016738294,0.24824686119768277,0.934383361120463,False,False
399,0.0016466065,0.0016610965,0.716090970573997,0.9830986973666398,False,False
400,0.001661003,0.0016506516,0.8962084074969611,0.9830986973666398,False,False
401,0.0016006635,0.0016144369,0.8067811395206522,0.9830986973666398,False,False
402,0.0016765103,0.0016939709,0.7642532317001568,0.9830986973666398,False,False
403,0.0015999486,0.0016883549,0.17440076923343967,0.934383361120463,False,False
404,0.0016153964,0.0016872974,0.10552110796775267,0.934383361120463,False,False
405,0.0016352644,0.0016465258,0.8388774698037722,0.9830986973666398,False,False
406,0.0016234936,0.0017032024,0.00894936156556477,0.934383361120463,True,False
407,0.0016867307,0.00160237,0.0874746576826744,0.934383361120463,False,False
408,0.0017054168,0.0016851679,0.5453689786121121,0.9830986973666398,False,False
409,0.0016448162,0.0016721844,0.6655301496093411,0.9830986973666398,False,False
410,0.0017121068,0.0016603653,0.5256370609458035,0.9830986973666398,False,False
411,0.0017872078,0.0016564236,0.016735419134981798,0.934383361120463,True,False
412,0.0016920196,0.0016792805,0.7915494030914454,0.9830986973666398,False,False
413,0.0016258692,0.0017477622,0.1925161181822085,0.934383361120463,False,False
414,0.001693576,0.0016508717,0.43847288086308434,0.9830986973666398,False,False
415,0.0016705074,0.0017294998,0.24921983306165482,0.934383361120463,False,False
416,0.001691873,0.0017037273,0.8394563732543235,0.9830986973666398,False,False
417,0.0016791916,0.001689864,0.8255879539467657,0.9830986973666398,False,False
418,0.0016085213,0.0016776162,0.22675647689076578,0.934383361120463,False,False
419,0.0016121544,0.0016736679,0.3618005813535431,0.9610244823288306,False,False
420,0.0016811388,0.0015889776,0.02865525781550203,0.934383361120463,True,False
421,0.0016265236,0.0017093181,0.07907158785849805,0.934383361120463,True,False
422,0.0016633797,0.0016143278,0.2776148963194956,0.934383361120463,False,False
423,0.0016696159,0.0016995741,0.5625344801068044,0.9830986973666398,False,False
424,0.0016928896,0.0016987959,0.8894328145586288,0.9830986973666398,False,False
425,0.001614815,0.0016606195,0.5309149346134051,0.9830986973666398,False,False
426,0.0017027355,0.0016609933,0.651647350175774,0.9830986973666398,False,False
427,0.0016658067,0.001640209,0.4875709489980437,0.9830986973666398,False,False
428,0.0016437138,0.001657359,0.7371841397706356,0.9830986973666398,False,False
429,0.0016917458,0.0016448034,0.22654327834339455,0.934383361120463,False,False
430,0.0016366247,0.0017255883,0.19668431737727773,0.934383361120463,False,False
431,0.0016544828,0.0017020138,0.38258789044185276,0.9645072868282002,False,False
432,0.0017050107,0.0016734196,0.3190396479015898,0.9610244823288306,False,False
433,0.0016977375,0.0016724023,0.6724967327372502,0.9830986973666398,False,False
434,0.0016151769,0.0016544785,0.04052472687174678,0.934383361120463,True,False
435,0.0016515028,0.0016622941,0.8099939501365954,0.9830986973666398,False,False
436,0.0016193679,0.0016241905,0.9331082349565768,0.9830986973666398,False,False
437,0.0016743077,0.0016623044,0.7581068023234165,0.9830986973666398,False,False
438,0.0016007513,0.0016956761,0.1826210476329266,0.934383361120463,False,False
439,0.0016861802,0.0016542763,0.21191258534649451,0.934383361120463,False,False
440,0.001640165,0.0016799174,0.3993154591903943,0.9739401443668154,False,False
441,0.0016899479,0.0016596613,0.5711484158014224,0.9830986973666398,False,False
442,0.0016639612,0.0016596062,0.9266652789507144,0.9830986973666398,False,False
443,0.0016766725,0.0016609652,0.7939864971642568,0.9830986973666398,False,False
444,0.0016945669,0.0016327366,0.11738797801170527,0.934383361120463,False,False
445,0.0016216371,0.0017334021,0.013690580370142166,0.934383361120463,True,False
446,0.0015939014,0.0017249316,0.007531853338874614,0.934383361120463,True,False
447,0.0016393351,0.0016535644,0.7470422212760373,0.9830986973666398,False,False
448,0.001651852,0.0015852957,0.2272764170737439,0.934383361120463,False,False
449,0.0016853709,0.0016778199,0.8314286969723189,0.9830986973666398,False,False
450,0.0016498041,0.0016447147,0.8924100241065952,0.9830986973666398,False,False
451,0.0016596306,0.0016964134,0.3655014036166452,0.9610244823288306,False,False
452,0.0016511644,0.0016492301,0.9776292615298765,0.989912883801481,False,False
453,0.0016885933,0.0016433045,0.3717976445613578,0.9610244823288306,False,False
454,0.0017006944,0.0015991537,0.031145367349225038,0.934383361120463,True,False
455,0.0015857939,0.0016743438,0.0774969472671827,0.934383361120463,True,False
456,0.001617146,0.0016766324,0.15876690881459965,0.934383361120463,False,False
457,0.0017251375,0.0016118984,0.03638662518540116,0.934383361120463,True,False
458,0.0016558515,0.0016502353,0.8931627853184407,0.9830986973666398,False,False
459,0.0016306087,0.001736622,0.07188246252409153,0.934383361120463,True,False
460,0.0016390852,0.0016143437,0.6773273611532744,0.9830986973666398,False,False
461,0.0016864749,0.0016937691,0.872966666622325,0.9830986973666398,False,False
462,0.0016655788,0.0016708091,0.8815449459342534,0.9830986973666398,False,False
463,0.0016570978,0.0016777951,0.7165108108033393,0.9830986973666398,False,False
464,0.0015962219,0.0016424455,0.3947625926274736,0.9739401443668154,False,False
465,0.001691066,0.0016682008,0.7575458697284108,0.9830986973666398,False,False
466,0.0016705766,0.0017032612,0.63595885749387,0.9830986973666398,False,False
467,0.0016444288,0.0016270194,0.741681251724909,0.9830986973666398,False,False
468,0.001717713,0.0017105773,0.9153461180271163,0.9830986973666398,False,False
469,0.0016362874,0.0016239772,0.754649026201178,0.9830986973666398,False,False
470,0.0017828494,0.0016427174,0.13716459187415056,0.934383361120463,False,False
471,0.0016201038,0.0016484419,0.6061946289483089,0.9830986973666398,False,False
472,0.001746035,0.0016442745,0.04591619524405872,0.934383361120463,True,False
473,0.0016687975,0.0017222201,0.5352547956114663,0.9830986973666398,False,False
474,0.0016725376,0.0015997766,0.2767821037974484,0.934383361120463,False,False
475,0.0016345705,0.0016013393,0.4740309282622427,0.9830986973666398,False,False
476,0.0016821906,0.0016562579,0.7422058749782883,0.9830986973666398,False,False
477,0.0016926175,0.0017105552,0.7555509633885331,0.9830986973666398,False,False
478,0.0017131114,0.0016929337,0.7399385230654527,0.9830986973666398,False,False
479,0.0017132027,0.0017070938,0.9115457968791124,0.9830986973666398,False,False
480,0.0016751664,0.0015941767,0.2730952699125147,0.934383361120463,False,False
481,0.0016961533,0.0016704574,0.47418782425471406,0.9830986973666398,False,False
482,0.0016772937,0.0016523332,0.36867877247199426,0.9610244823288306,False,False
483,0.0017159095,0.0016048478,0.027559053663453587,0.934383361120463,True,False
484,0.0016799854,0.0016979777,0.7217144374737676,0.9830986973666398,False,False
485,0.0016466456,0.0016750771,0.4785658829735546,0.9830986973666398,False,False
486,0.0016036531,0.0016971107,0.06488361507647436,0.934383361120463,True,False
487,0.0016376907,0.0017062437,0.17280081587030188,0.934383361120463,False,False
488,0.0016536566,0.0016289949,0.5629503904223048,0.9830986973666398,False,False
489,0.0016457913,0.0016295246,0.7900081895468442,0.9830986973666398,False,False
490,0.0016091028,0.0016097806,0.9903951487407416,0.9943889743889274,False,False
491,0.0017223628,0.0017230917,0.9910743444742977,0.9943889743889274,False,False
492,0.0016551005,0.0016664721,0.8446084759845831,0.9830986973666398,False,False
493,0.0017227432,0.001621984,0.14394248609733176,0.934383361120463,False,False
494,0.0017155369,0.0017130349,0.9587453336323394,0.9830986973666398,False,False
495,0.00161861,0.00166494,0.31803282484969975,0.9610244823288306,False,False
496,0.0016444558,0.0016559077,0.7744818346970497,0.9830986973666398,False,False
497,0.0017023779,0.0016225958,0.16155691933819172,0.934383361120463,False,False
498,0.0017044712,0.0016252939,0.050816628409744664,0.934383361120463,True,False
499,0.0016447684,0.00169207,0.4977840335457897,0.9830986973666398,False,False
500,0.0017405904,0.001675152,0.2843252316582229,0.934383361120463,False,False
501,0.0016287623,0.0016880399,0.374353177943753,0.9610244823288306,False,False
502,0.0016685852,0.001671841,0.93782157889073,0.9830986973666398,False,False
503,0.001660599,0.0016890442,0.648655002335356,0.9830986973666398,False,False
504,0.0016523134,0.001700755,0.4156615376420977,0.9830986973666398,False,False
505,0.0016227802,0.0016342519,0.7777380758574477,0.9830986973666398,False,False
506,0.0016594296,0.0016270432,0.3525142817547962,0.9610244823288306,False,False
507,0.0016830424,0.0016973164,0.8654772148286103,0.9830986973666398,False,False
508,0.0016837759,0.0017314132,0.46222257532564115,0.9830986973666398,False,False
509,0.0016604185,0.0015937894,0.23885338918563745,0.934383361120463,False,False
510,0.0017178745,0.0017002492,0.835237419360351,0.9830986973666398,False,False
511,0.0017077595,0.0016294494,0.2664007785595105,0.934383361120463,False,False
512,0.0017029212,0.0016878496,0.7498671649400082,0.9830986973666398,False,False
513,0.0016175129,0.001632487,0.757936816642588,0.9830986973666398,False,False
514,0.0017022226,0.0016253383,0.17968925997623508,0.934383361120463,False,False
515,0.001660554,0.0016721699,0.8769379237627668,0.9830986973666398,False,False
516,0.0016637931,0.001616165,0.2313273400261868,0.934383361120463,False,False
517,0.001684684,0.0016875255,0.9509623601929649,0.9830986973666398,False,False
518,0.0016895116,0.0016336879,0.14724263670296525,0.934383361120463,False,False
519,0.0016474249,0.0016201657,0.616881474891261,0.9830986973666398,False,False
520,0.0017196253,0.0016792308,0.4893905796783333,0.9830986973666398,False,False
521,0.0016594898,0.0016314322,0.5196974868546311,0.9830986973666398,False,False
522,0.0017279448,0.0016433264,0.09907148200295905,0.934383361120463,False,False
523,0.0016686928,0.0016155352,0.13480429797647459,0.934383361120463,False,False
524,0.0016351144,0.001672799,0.35562393289061117,0.9610244823288306,False,False
525,0.0016259297,0.0017133899,0.06073443658316562,0.934383361120463,True,False
526,0.0017591382,0.0017420367,0.7270250365573108,0.9830986973666398,False,False
527,0.0016657753,0.0016200751,0.36524545083044874,0.9610244823288306,False,False
528,0.0016690608,0.0016919198,0.6837686364573059,0.9830986973666398,False,False
529,0.0016728457,0.0016233191,0.4482983589990397,0.9830986973666398,False,False
530,0.0016089284,0.0016377714,0.3617816367133447,0.9610244823288306,False,False
531,0.0016575694,0.0015988422,0.12549103593079983,0.934383361120463,False,False
532,0.001667792,0.0017024484,0.5635742588752256,0.9830986973666398,False,False
533,0.0016540859,0.001683088,0.47703705441037436,0.9830986973666398,False,False
534,0.0016252147,0.0017147448,0.23791876445421795,0.934383361120463,False,False
535,0.0016695693,0.0016510868,0.7672858403943114,0.9830986973666398,False,False
536,0.0016865907,0.0016890127,0.9642003619172338,0.9830986973666398,False,False
537,0.0016198162,0.0017328622,0.008649403034121986,0.934383361120463,True,False
538,0.0015892198,0.0016516938,0.24023993639603086,0.934383361120463,False,False
539,0.0017400585,0.0016731282,0.05265244052129855,0.934383361120463,True,False
540,0.0016875195,0.001649878,0.49433015121884594,0.9830986973666398,False,False
541,0.0017310856,0.0016508808,0.14116803116703025,0.934383361120463,False,False
542,0.0016501304,0.0016406786,0.8589094947142332,0.9830986973666398,False,False
543,0.0017159581,0.0016829626,0.218730002962339,0.934383361120463,False,False
544,0.001660789,0.0017085962,0.5214416201124883,0.9830986973666398,False,False
545,0.0016715307,0.0016759727,0.9312320865338111,0.9830986973666398,False,False
546,0.0015853161,0.0016805178,0.09876442065375698,0.934383361120463,False,False
547,0.0016602058,0.0017143367,0.2454985599546393,0.934383361120463,False,False
548,0.001707104,0.0016320162,0.21176942040205643,0.934383361120463,False,False
549,0.0016231037,0.001626979,0.9446546729134371,0.9830986973666398,False,False
550,0.0016550906,0.0016827907,0.6488169959071877,0.9830986973666398,False,False
551,0.0016101485,0.0016999289,0.1090548978886919,0.934383361120463,False,False
552,0.0016076429,0.001712412,0.06988193802983317,0.934383361120463,True,False
553,0.0016463477,0.0016692694,0.6374878014413994,0.9830986973666398,False,False
554,0.0016418945,0.0016750233,0.5160646052048805,0.9830986973666398,False,False
555,0.0016799914,0.0017016262,0.6607754966072996,0.9830986973666398,False,False
556,0.0016648171,0.0017119951,0.4657741682169859,0.9830986973666398,False,False
557,0.0016485087,0.001605713,0.5313517279163207,0.9830986973666398,False,False
558,0.0016583198,0.0017157365,0.3217249119024676,0.9610244823288306,False,False
559,0.0016571507,0.0016121384,0.3734148022328705,0.9610244823288306,False,False
560,0.0016350752,0.0016685138,0.6946935382350125,0.9830986973666398,False,False
561,0.0015636955,0.0016372834,0.16497931873366764,0.934383361120463,False,False
562,0.0016968977,0.0017105822,0.7353299100329769,0.9830986973666398,False,False
563,0.0016799232,0.0016655285,0.834112835981617,0.9830986973666398,False,False
564,0.0016392116,0.0016246515,0.8501212753591614,0.9830986973666398,False,False
565,0.0016798638,0.0016428346,0.2721804782527158,0.934383361120463,False,False
566,0.0016827838,0.001652191,0.6514909992642239,0.9830986973666398,False,False
567,0.0016575878,0.001620211,0.3484691615579419,0.9610244823288306,False,False
568,0.0016733477,0.0016545756,0.7508832123249979,0.9830986973666398,False,False
569,0.0017088715,0.0016820565,0.6604850919898956,0.9830986973666398,False,False
570,0.0016506683,0.0017502116,0.10346925180892587,0.934383361120463,False,False
571,0.0016899586,0.0017806732,0.22858143565611033,0.934383361120463,False,False
572,0.0017047448,0.001617087,0.163466317661923,0.934383361120463,False,False
573,0.0016077698,0.0017035684,0.22218535487728563,0.934383361120463,False,False
574,0.0016837157,0.0016225536,0.30244776930082395,0.951648298050806,False,False
575,0.0016547345,0.0016383294,0.7516042334824247,0.9830986973666398,False,False
576,0.001687464,0.001652362,0.39289990222927285,0.9739401443668154,False,False
577,0.0016640987,0.001674925,0.9102925373672953,0.9830986973666398,False,False
578,0.0016754263,0.0016766374,0.9783639001571304,0.989912883801481,False,False
579,0.001723056,0.0016227666,0.1524677175708388,0.934383361120463,False,False
580,0.0015955989,0.0016258083,0.5826962825861846,0.9830986973666398,False,False
581,0.0016586336,0.0016474656,0.7690081311842252,0.9830986973666398,False,False
582,0.0017159398,0.001631872,0.3045274553762579,0.951648298050806,False,False
583,0.0016177145,0.001637155,0.6298904991556127,0.9830986973666398,False,False
584,0.0017081503,0.0016611113,0.30390894607546,0.951648298050806,False,False
585,0.0017128779,0.0016785448,0.39353778857164734,0.9739401443668154,False,False
586,0.0016704791,0.0016982848,0.4694907132832643,0.9830986973666398,False,False
587,0.0016375382,0.0016651502,0.5448785633201054,0.9830986973666398,False,False
588,0.0016841756,0.0016248727,0.28498692514174123,0.934383361120463,False,False
589,0.0016138458,0.0016378494,0.5534922071135955,0.9830986973666398,False,False
590,0.0016770217,0.0016573926,0.7091493930916206,0.9830986973666398,False,False
591,0.0016702287,0.0016959405,0.6989483664709886,0.9830986973666398,False,False
592,0.0016600776,0.0016731813,0.8080233308803673,0.9830986973666398,False,False
593,0.0016364807,0.0015874788,0.22001158713141533,0.934383361120463,False,False
594,0.0016774179,0.0016401442,0.1639119461412225,0.934383361120463,False,False
595,0.0016415057,0.0016038949,0.5919010934667762,0.9830986973666398,False,False
596,0.0017130974,0.001663487,0.3397350067281296,0.9610244823288306,False,False
597,0.0016672015,0.0016667049,0.9935857568373616,0.9952444976668063,False,False
598,0.0017225426,0.0016685743,0.6802871508822694,0.9830986973666398,False,False
599,0.0017133153,0.0017048356,0.9207181192683782,0.9830986973666398,False,False
